"Posición","Provincia","Canton","No.","No.Provincia","No.Canton","No.Unidad","IDH","UrbanoRural","AM","GAM","CX","CY","Area_km2","Total.de.jefas.de.hogar","Total.Hijos.de.jefas.de.hogar","Porcentaje..de.hijos.por.jefa.de.hogar","Porcentaje..de.cobertura","Deficit.cobertura.nominal","Total.niños.atendidos.x.CENCINAI","No.CENCINAI","Total.Poblacion","Total.Hombres","Total.Mujeres","Total.Viviendas","Total.Viviendas.Individuales","Total.Viviendas.Ocupadas","Total.Viviendas.Desocupadas","Promedio.de.ocupantes","Viviendas.colectivas","Total.Urbano","Hombres.urbano","Mujeres.urbano","Total.Rutal","Hombres.rural","Mujeres.rural","Total.10.o.mas","Alfabeta..10.o.mas","Analfabeta..10.o.mas","Porcentaje..Alfabetismo..10.o.mas","Total.Hombres..10.o.mas","Hombres.Alfabeta..10.o.mas","Hombres.analfabeta..10.o.mas","Total.Mujeres..10.o.mas","Mujer.Alfabeta..10.o.mas","Hombre.Analfabeta..10.o.mas","Total.Niños.Niñas.menor.de.5","Niños.menor.de.5","Niñas.menor.de.5","Total.Asiste.menor.de.5","Niños.Asiste.menor.de.5","Niñas.Asiste.menor.de.5","Total.No.asiste.menor.de.5","Niños.No.asiste.menor.de.5","Niñas.No.asiste.menor.de.5","Total.Poblacion.65.o.mas","Hombres..65.o.mas","Mujeres.65.o.mas","Total.65.o.mas.asiste.a.centros","Hombres.65.o.mas.asiste.a.centros","Mujeres.65.o.mas.asiste.a.centros","Total.65.o.mas.no.asiste.a.centros","Hombres.65.o.mas.no.asiste.a.centros","Mujeres.65.o.mas.no.asiste.a.centros","Población.de.5.años.y.más","Población.de.5.años.y.más..Celular.Usó.en.los.últimos.3.meses","Población.de.5.años.y.más..Computadora.Usó.en.los.últimos.3.meses","Población.de.5.años.y.más..Internet.Usó.en.los.últimos.3.meses","Seguro..Asalariado.a.","Seguro..Cuenta.propia..voluntario.o.convenio","Seguro..Régimen.no.contributivo..recibe.pensión.","Seguro..Pensionado.a...CCSS..Magisterio.y.otro.","Seguro..Familiar","Seguro..Por.el.Estado","Seguro..Otro","No.tiene.seguro.social.de.la.CCSS","Total.de.hogares","Jefatura.compartida","Jefatura.masculina","Jefatura.femenina","Total.de.viviendas.individuales.ocupadas","Estado.de.la.vivienda..Malo","Estado.de.la.vivienda..Regular","Estado.de.la.vivienda..Bueno","Menos.de.1.año","De.1.a.4.años","De.5.a.9.años","De.10.a.19.años","De.20.a.29.años","De.30.a.39.años","De.40.a.49.años","De.50.a.64.años","De.65.a.74.años","De.75.a.84.años","De.85.años.y.más","Hombres.Población.total","Hombres.Menos.de.1.año","Hombres.De.1.a.4.años","Hombres.De.5.a.9.años","Hombres.De.10.a.19.años","Hombres.De.20.a.29.años","Hombres.De.30.a.39.años","Hombres.De.40.a.49.años","Hombres.De.50.a.64.años","Hombres.De.65.a.74.años","Hombres.De.75.a.84.años","Hombres.De.85.años.y.más","Mujeres.Población.total","Mujeres.Menos.de.1.año","Mujeres.De.1.a.4.años","Mujeres.De.5.a.9.años","Mujeres.De.10.a.19.años","Mujeres.De.20.a.29.años","Mujeres.De.30.a.39.años","Mujeres.De.40.a.49.años","Mujeres.De.50.a.64.años","Mujeres.De.65.a.74.años","Mujeres.De.75.a.84.años","Mujeres.De.85.años.y.más","Violaciones","Vehiculos","Tacha","Homicidios","Fraude","Casas","Agresion","TotalDelitos","Posicion","Aceptados","Rechazados","NotaExamen","UCR","Medicina","Microbiologia","Comunicacion","Densidad_de_poblacion","Menos_de_1_ano","De_65_anos_y_mas","Poblacion_con_discapacidad_res"
46,"San Jose","San José",5,1,1,101,754,"Urbano",TRUE,TRUE,-924.99955,109.218163,44.9600991094,4531,5727,1.2639593909,-0.7831325301,4485,1242,17,288054,136371,151683,87109,87049,81903,5146,3.4999816857,60,288054,136371,151683,NA,NA,NA,247987,244908,3079,98.7584026582,115809,114413,1396,132178,130495,1683,20084,10391,9693,3374,1801,1573,16710,8590,8120,28171,11256,16915,862,193,669,27309,11063,16246,267970,209272,158172,150487,78721,23794,3142,21286,101683,16221,2281,40926,84066,5719,46183,32164,81903,6146,23835,51922,3970,16114,19983,45856,54226,42089,35460,42185,15262,9517,3392,136371,2053,8338,10171,22721,26670,20360,16467,18335,6444,3722,1090,151683,1917,7776,9812,23135,27556,21729,18993,23850,8818,5795,2302,161,1103,1585,157,1065,823,402,5296,46,2676,12955,46.4518611193,17.1198259868,49,18,46,6406.8808945261,3970,28171,12.3483791234
5,"San Jose","Escazú",18,1,2,102,904,"Mixto",TRUE,TRUE,-252.42269,29.752186,34.696909865,719,921,1.280945758,-0.8295331162,764,157,2,56509,26660,29849,18694,18678,16565,2113,3.4021128886,16,56098,26448,29650,411,212,199,48979,48484,495,98.9893627881,22879,22642,237,26100,25842,258,3817,1921,1896,1096,544,552,2721,1377,1344,4986,2223,2763,118,24,94,4868,2199,2669,52692,42897,34878,33804,15446,6250,460,3255,20426,1428,1200,8044,16839,1457,10178,5204,16565,804,3445,12316,759,3058,3713,8682,9975,8678,8034,8624,2956,1539,491,26660,369,1552,1860,4366,4785,3932,3661,3912,1365,672,186,29849,390,1506,1853,4316,5190,4746,4373,4712,1591,867,305,16,170,425,13,83,99,17,823,5,460,1820,48.0868997073,20.1754385965,10,5,6,1628.6464765865,759,4986,10.4284273302
70,"San Jose","Desamparados",23,1,3,103,686,"Mixto",TRUE,TRUE,-1092.748718,128.062279,119.8857323853,3087,3843,1.2448979592,-0.7351027843,2825,1018,18,208411,99974,108437,60123,60097,57355,2742,3.6174352716,26,194970,93273,101697,13441,6701,6740,177702,175290,2412,98.6426714387,84333,83192,1141,93369,92098,1271,14845,7560,7285,2128,1097,1031,12717,6463,6254,14477,6157,8320,418,91,327,14059,6066,7993,193566,148358,110837,104446,54656,16473,2092,10208,80631,12878,1168,30305,58608,4025,35156,19427,57355,3579,15915,37861,2912,11933,15864,37607,39546,30864,27165,28043,8475,4485,1517,99974,1431,6129,8081,18810,19109,14882,12687,12688,3717,1908,532,108437,1481,5804,7783,18797,20437,15982,14478,15355,4758,2577,985,61,685,299,52,138,284,81,1600,70,1706,7996,47.7149409344,17.5840032983,28,12,17,1738.4137032268,2912,14477,10.5387911387
26,"San Jose","Puriscal",38,1,4,104,806,"Mixto",FALSE,FALSE,-759.077497,88.464947,558.4279784265,378,465,1.2301587302,-0.4688172043,218,247,8,33004,16565,16439,11007,11002,9787,1215,3.3643608869,5,7734,3737,3997,25270,12828,12442,28596,27648,948,96.6848510281,14188,13673,515,14408,13975,433,2101,1139,962,235,131,104,1866,1008,858,3107,1552,1555,28,7,21,3079,1545,1534,30903,20569,13813,12485,6736,3331,785,1261,13658,3522,288,3423,9891,683,6491,2717,9787,739,2736,6312,425,1676,2307,6173,5974,4119,4618,4605,1785,991,331,16565,231,908,1238,3151,3022,1974,2198,2291,883,489,180,16439,194,768,1069,3022,2952,2145,2420,2314,902,502,151,3,39,35,0,12,10,6,105,26,347,2036,43.2977382706,14.5614771297,4,6,1,59.1016232621,425,3107,13.0559932129
76,"San Jose","Tarrazú",49,1,5,105,651,"Mixto",FALSE,FALSE,-252.159607,28.953365,293.984894949,200,259,1.295,-0.0733590734,19,240,4,16280,8091,8189,5742,5741,4551,1190,3.5765765766,1,8191,3943,4248,8089,4148,3941,13505,13026,479,96.4531654943,6687,6442,245,6818,6584,234,1457,737,720,110,58,52,1347,679,668,1046,529,517,6,3,3,1040,526,514,14823,10044,6143,5466,2104,2891,218,475,7612,626,72,2282,4632,601,3006,1025,4551,275,1261,3015,310,1147,1318,3494,2897,2055,2070,1943,636,321,89,8091,144,593,667,1686,1477,978,1038,979,310,172,47,8189,166,554,651,1808,1420,1077,1032,964,326,149,42,1,3,30,1,3,1,5,44,76,131,587,48.9346250181,18.2451253482,2,0,1,55.3769948038,310,1046,9.14004914
66,"San Jose","Aserrí",54,1,6,106,703,"Mixto",FALSE,FALSE,-588.795625,68.53701,167.6286863194,940,1187,1.2627659574,-0.6251053075,742,445,10,57892,28330,29562,17279,17273,16120,1153,3.586662531,6,41180,19919,21261,16712,8411,8301,48714,47751,963,98.023155561,23677,23181,496,25037,24570,467,4424,2289,2135,537,287,250,3887,2002,1885,3539,1611,1928,58,13,45,3481,1598,1883,53468,38195,25496,23366,14090,4669,666,2260,23480,4417,316,7994,16348,951,10599,4798,16120,1365,4682,10073,773,3651,4754,10872,10792,8616,7680,7215,2193,1033,313,28330,385,1904,2364,5451,5298,4152,3705,3460,1018,471,122,29562,388,1747,2390,5421,5494,4464,3975,3755,1175,562,191,15,131,40,7,14,43,15,265,66,97,694,43.8964002081,12.2629582807,0,0,0,345.3585497275,773,3539,10.8236025703
23,"San Jose","Mora",63,1,7,107,817,"Mixto",FALSE,FALSE,-421.380266,49.429167,164.3655726754,332,400,1.2048192771,-0.51,204,196,3,26294,12714,13580,8650,8648,7782,866,3.3766383963,2,12079,5767,6312,14215,6947,7268,22664,22215,449,98.0188845747,10849,10625,224,11815,11590,225,1786,937,849,356,188,168,1430,749,681,2044,985,1059,40,10,30,2004,975,1029,24508,17798,12497,11764,6461,2599,362,1031,10746,1859,323,2913,7873,789,4942,2142,7782,481,1949,5352,333,1453,1844,4662,4671,4074,3638,3575,1195,636,213,12714,171,766,928,2233,2253,1945,1728,1705,592,302,91,13580,162,687,916,2429,2418,2129,1910,1870,603,334,122,7,42,26,6,7,11,3,102,23,108,859,39.7162933457,11.1685625646,1,1,0,159.9726729388,333,2044,10.2228645318
41,"San Jose","Goicoechea",70,1,8,108,763,"Mixto",TRUE,TRUE,-588.199424,69.694025,31.782404455,1595,2008,1.2589341693,-0.7106573705,1427,581,7,115084,54269,60815,34522,34494,32520,1974,3.5261070111,28,113399,53437,59962,1685,832,853,99459,98495,964,99.0307563921,46311,45866,445,53148,52629,519,7767,3985,3782,1410,759,651,6357,3226,3131,10079,4111,5968,355,66,289,9724,4045,5679,107317,84786,66278,63311,32656,9268,1162,7863,41962,7544,742,13887,33351,2411,18897,12043,32520,1964,8435,22121,1530,6237,7858,18972,21901,16572,14580,17355,5573,3273,1233,54269,771,3214,3973,9334,10583,8007,6788,7488,2407,1281,423,60815,759,3023,3885,9638,11318,8565,7792,9867,3166,1992,810,36,380,278,64,99,159,60,1076,41,520,2795,45.9631494226,15.6862745098,2,0,8,3620.9972773744,1530,10079,11.678426193
3,"San Jose","Santa Ana",79,1,9,109,912,"Mixto",TRUE,TRUE,-505.18776,59.600845,61.6089419318,607,748,1.2322899506,-0.7620320856,570,178,3,49123,23499,25624,15840,15808,14235,1573,3.4293642431,32,45760,21852,23908,3363,1647,1716,42041,41494,547,98.6988891796,19991,19745,246,22050,21749,301,3492,1735,1757,963,490,473,2529,1245,1284,3318,1556,1762,57,15,42,3261,1541,1720,45631,37073,29758,28991,13711,5086,390,2275,17745,2454,808,6654,14467,1458,8921,4088,14235,551,2744,10940,687,2805,3590,7869,8894,8434,7029,6497,1927,1054,337,23499,338,1397,1773,3956,4168,3947,3331,3033,938,474,144,25624,349,1408,1817,3913,4726,4487,3698,3464,989,580,193,8,116,227,5,38,73,7,474,3,403,1415,48.86181153,22.1672167217,11,2,8,797.3355564902,687,3318,9.8670683794
81,"San Jose","Alajuelita",87,1,10,110,584,"Mixto",TRUE,TRUE,-420.532523,49.489907,21.5803155271,1395,1815,1.3010752688,-0.920661157,1671,144,2,77603,37347,40256,20634,20623,19832,791,3.9087837838,11,76826,36954,39872,777,393,384,64237,63308,929,98.5537929854,30553,30154,399,33684,33154,530,6681,3338,3343,743,372,371,5938,2966,2972,4253,1787,2466,103,29,74,4150,1758,2392,70922,52746,35243,32381,19178,5677,815,3004,29019,6704,420,12786,20471,1177,12058,7236,19832,1833,6578,11421,1277,5404,6685,15001,14791,11356,9664,9172,2522,1293,438,37347,603,2735,3456,7508,7202,5382,4556,4118,1071,556,160,40256,674,2669,3229,7493,7589,5974,5108,5054,1451,737,278,32,231,47,33,26,64,54,487,81,619,1685,53.4010221224,26.8663194444,7,4,5,3596.008589525,1277,4253,11.2495650941
60,"San Jose","Vázquez de Coronado",94,1,11,111,731,"Mixto",FALSE,TRUE,-420.017192,49.91103,224.8870540787,689,841,1.2206095791,-0.8846611177,744,97,2,60486,29147,31339,18172,18160,17155,1005,3.517575051,12,58327,28041,30286,2159,1106,1053,52640,52140,500,99.0501519757,25096,24849,247,27544,27291,253,3815,1928,1887,716,359,357,3099,1569,1530,4161,1833,2328,143,36,107,4018,1797,2221,56671,45662,36556,34895,17312,5389,558,3173,23575,3452,366,6661,17381,1399,10742,5240,17155,812,3798,12545,732,3083,4031,10632,11406,8671,8992,8778,2516,1248,397,29147,383,1545,2123,5349,5591,4075,4161,4087,1174,512,147,31339,349,1538,1908,5283,5815,4596,4831,4691,1342,736,250,12,183,143,13,30,70,13,464,60,310,1331,46.2860955518,18.8909201706,8,3,2,268.9616805547,732,4161,10.1527626228
42,"San Jose","Acosta",101,1,12,112,759,"Mixto",FALSE,FALSE,-421.062545,48.961377,343.1414650091,286,358,1.2517482517,-0.6536312849,234,124,5,20209,10217,9992,6839,6838,5871,967,3.4357009027,1,2524,1237,1287,17685,8980,8705,17230,16472,758,95.6006964597,8654,8216,438,8576,8256,320,1404,739,665,155,81,74,1249,658,591,1679,887,792,18,3,15,1661,884,777,18805,11868,7165,6250,3581,2424,477,659,8717,2279,210,1862,5939,290,4109,1540,5871,561,1732,3578,267,1137,1575,4084,3418,2681,2782,2586,909,576,194,10217,154,585,824,2048,1734,1256,1395,1334,488,296,103,9992,113,552,751,2036,1684,1425,1387,1252,421,280,91,1,31,6,3,6,3,2,52,42,121,640,45.7517663742,15.900131406,0,0,3,58.8940774018,267,1679,10.1538918304
15,"San Jose","Tibás",108,1,13,113,840,"Urbano",TRUE,TRUE,-420.426963,49.782149,8.3767634946,924,1130,1.2229437229,-0.7300884956,825,305,4,64842,30264,34578,20285,20280,19160,1120,3.3774008351,5,64842,30264,34578,NA,NA,NA,56700,56111,589,98.9611992945,26143,25892,251,30557,30219,338,4074,2072,2002,771,407,364,3303,1665,1638,6986,2760,4226,164,26,138,6822,2734,4088,60768,48639,38230,36592,18658,5706,736,5898,22980,2918,434,7512,19563,1482,10490,7591,19160,1126,4516,13518,789,3285,4068,9627,11839,9722,8107,10419,3924,2249,813,30264,406,1666,2049,4717,5702,4708,3794,4462,1667,866,227,34578,383,1619,2019,4910,6137,5014,4313,5957,2257,1383,586,17,315,181,34,76,137,21,781,15,232,1183,45.8987736084,16.3957597173,5,2,4,7740.6984263244,789,6986,11.5002621758
6,"San Jose","Moravia",115,1,14,114,895,"Mixto",FALSE,TRUE,-252.094457,29.958055,29.2342366042,720,884,1.2277777778,-0.8269230769,731,153,3,56919,26741,30178,18084,18064,16874,1190,3.3595472324,20,56572,26551,30021,347,190,157,49621,49243,378,99.2382257512,23135,22958,177,26486,26285,201,3489,1705,1784,815,391,424,2674,1314,1360,5098,2141,2957,137,23,114,4961,2118,2843,53430,44205,36789,35562,16434,5584,405,4035,21456,2402,514,6089,17148,1421,10128,5599,16874,606,2980,13288,632,2857,3809,8817,10537,8995,7347,8827,3012,1526,560,26741,299,1406,1901,4325,5091,4290,3417,3871,1362,609,170,30178,333,1451,1908,4492,5446,4705,3930,4956,1650,917,390,9,158,211,13,33,98,18,540,6,1398,4584,50.3201007624,23.370110331,17,11,15,1946.9979931589,632,5098,10.6519791282
1,"San Jose","Montes de Oca",120,1,15,115,946,"Urbano",TRUE,TRUE,-336.141201,39.748736,15.5904663023,565,699,1.2371681416,-0.791130186,553,146,2,49132,22910,26222,18277,18260,16589,1671,2.9418892037,17,49132,22910,26222,NA,NA,NA,44379,44137,242,99.4546970414,20473,20366,107,23906,23771,135,2424,1261,1163,698,357,341,1726,904,822,5242,2119,3123,214,39,175,5028,2080,2948,46708,39470,34713,34082,15458,5246,401,4186,16881,1393,568,4999,17188,1644,8919,6625,16589,479,2855,13255,509,1915,2329,6713,11155,7095,6029,8145,2794,1791,657,22910,257,1004,1176,3248,5412,3414,2707,3573,1224,678,217,26222,252,911,1153,3465,5743,3681,3322,4572,1570,1113,440,15,258,474,13,130,138,29,1057,1,2183,4877,55.4944064822,30.9206798867,75,34,31,3151.4131166718,509,5242,11.0986729626
25,"San Jose","Turrubares",126,1,16,116,810,"Mixto",FALSE,FALSE,-422.397189,49.051948,417.5983793928,66,83,1.2575757576,-0.6385542169,53,30,2,5512,2852,2660,2376,2375,1679,696,3.2727814175,1,736,370,366,4776,2482,2294,4676,4441,235,94.9743370402,2416,2274,142,2260,2167,93,425,220,205,40,20,20,385,200,185,451,248,203,0,0,0,451,248,203,5087,3352,1534,1366,694,635,129,186,2039,767,63,999,1705,186,1122,397,1679,217,708,754,72,353,411,1110,887,689,740,799,260,146,45,2852,33,187,216,553,459,353,383,420,145,76,27,2660,39,166,195,557,428,336,357,379,115,70,18,0,4,3,0,0,2,1,10,25,25,137,39.9708791736,15.4320987654,0,0,0,13.1992849398,72,451,11.465892598
43,"San Jose","Dota",133,1,17,117,757,"Mixto",FALSE,FALSE,-251.850915,28.98137,405.7185512418,70,93,1.3285714286,0.1397849462,-13,106,2,6948,3399,3549,2726,2724,1952,772,3.5430327869,2,2128,1005,1123,4820,2394,2426,5827,5667,160,97.2541616612,2857,2780,77,2970,2887,83,548,265,283,41,21,20,507,244,263,546,258,288,5,1,4,541,257,284,6400,4408,2875,2527,848,1267,123,251,3194,167,49,1049,1988,121,1401,466,1952,96,406,1450,102,446,573,1429,1204,829,906,913,321,165,60,3399,44,221,277,736,587,390,444,442,158,79,21,3549,58,225,296,693,617,439,462,471,163,86,39,0,2,8,0,1,0,1,12,43,59,328,44.7639444672,15.2454780362,1,1,1,17.1251720651,102,546,8.2469775475
18,"San Jose","Curridabat",138,1,18,118,830,"Urbano",TRUE,TRUE,-336.114324,39.661981,16.2553260833,903,1151,1.2746400886,-0.8314509123,957,194,2,65206,30590,34616,20633,20624,19146,1478,3.3969497545,9,65206,30590,34616,NA,NA,NA,56793,56225,568,98.9998767454,26403,26147,256,30390,30078,312,4071,2014,2057,947,467,480,3124,1547,1577,5364,2317,3047,215,83,132,5149,2234,2915,61135,50159,40202,38891,18536,6100,651,4240,24396,1802,818,8663,19510,1638,11299,6573,19146,1039,3860,14247,775,3296,4342,10328,12822,9593,8782,9904,3129,1667,568,30590,395,1619,2173,5071,6198,4490,3988,4339,1410,717,190,34616,380,1677,2169,5257,6624,5103,4794,5565,1719,950,378,16,131,334,12,70,147,28,738,18,617,2119,52.0763217069,22.5511695906,18,4,12,4011.3621631343,775,5364,9.4761218293
57,"San Jose","Pérez Zeledón",144,1,19,119,734,"Mixto",FALSE,FALSE,-920.405362,102.55332,1909.1605396267,2263,2869,1.2677861246,-0.4900662252,1406,1463,37,134534,65389,69145,44690,44666,38508,6158,3.4777189156,24,65255,30818,34437,69279,34571,34708,112008,108913,3095,97.236804514,53936,52370,1566,58072,56543,1529,11200,5635,5565,977,465,512,10223,5170,5053,9341,4597,4744,75,28,47,9266,4569,4697,123334,86417,50117,45626,18156,23318,1946,3644,63109,6099,941,17321,38881,3000,24747,11134,38508,3442,10759,24307,2118,9082,11326,28322,24059,16833,17024,16429,5471,2956,914,65389,1061,4574,5818,14339,11367,7678,7988,7967,2671,1458,468,69145,1057,4508,5508,13983,12692,9155,9036,8462,2800,1498,446,47,165,216,14,211,80,132,865,57,519,3381,41.6351006027,13.3076923077,6,7,5,70.467620301,2118,9341,10.948161803
72,"San Jose","León Cortés Castro",157,1,20,120,679,"Mixto",FALSE,FALSE,-504.32598,58.192173,123.0088081969,137,167,1.2189781022,0.0419161677,-7,174,6,12200,6140,6060,4468,4467,3377,1090,3.6123778502,1,4944,2415,2529,7256,3725,3531,10344,9995,349,96.6260634184,5169,4999,170,5175,4996,179,898,478,420,50,27,23,848,451,397,777,374,403,15,4,11,762,370,392,11302,7090,4047,3415,1316,2372,200,282,5835,444,162,1589,3431,195,2498,738,3377,310,1121,1946,158,740,958,2650,2266,1438,1772,1441,459,257,61,6140,86,392,493,1311,1197,665,876,746,225,119,30,6060,72,348,465,1339,1069,773,896,695,234,138,31,1,10,11,4,2,1,1,30,72,95,531,39.7230432316,15.1757188498,0,0,1,99.1798894635,158,777,9.631147541
61,"Alajuela","Alajuela",167,2,1,201,730,"Mixto",FALSE,TRUE,-1179.187263,140.487783,392.844377543,3282,4143,1.2623400366,-0.6521844074,2702,1441,20,254886,125773,129113,77703,77663,72031,5632,3.4939262262,40,224274,110502,113772,30612,15271,15341,215909,212063,3846,98.2186939868,105815,103831,1984,110094,108232,1862,19654,10044,9610,2672,1365,1307,16982,8679,8303,18329,8250,10079,316,56,260,18013,8194,9819,235232,175090,123461,114995,69127,19431,2380,12705,103714,11333,1931,34265,73368,5534,47724,20110,72031,4319,18075,49637,3855,15799,19323,43373,48663,39041,33196,33307,10645,5634,2050,125773,1965,8079,9914,21908,24303,19345,16113,15896,4946,2469,835,129113,1890,7720,9409,21465,24360,19696,17083,17411,5699,3165,1215,47,1419,608,57,357,294,419,3201,61,1984,8296,47.0310454785,19.2996108949,67,30,36,648.8218097816,3855,18329,9.6278336197
56,"Alajuela","San Ramón",183,2,2,202,734,"Mixto",FALSE,FALSE,-1098.550125,131.779044,1028.5235096966,1099,1400,1.2738853503,-0.5278571429,739,661,12,80566,39549,41017,26881,26870,23301,3569,3.444830694,11,42630,20417,22213,37936,19132,18804,68358,66677,1681,97.5408876796,33401,32494,907,34957,34183,774,6031,3019,3012,916,460,456,5115,2559,2556,6453,3039,3414,81,20,61,6372,3019,3353,74535,53525,35415,32444,14427,8061,1264,3544,31983,7826,1071,12390,23747,1954,15289,6504,23301,1568,6200,15533,1209,4822,6177,15111,14922,10654,10652,10566,3819,1947,687,39549,598,2421,3129,7615,7366,5189,5039,5153,1830,912,297,41017,611,2401,3048,7496,7556,5465,5613,5413,1989,1035,390,21,96,293,17,75,56,27,585,56,1566,4825,46.7945233411,24.5032076357,15,10,5,78.331704857,1209,6453,10.443611449
40,"Alajuela","Grecia",198,2,3,203,763,"Mixto",FALSE,FALSE,-674.418538,80.853246,399.0369953329,880,1091,1.2397727273,-0.725939505,792,299,9,76898,38138,38760,23456,23443,21709,1734,3.530517297,13,47315,23176,24139,29583,14962,14621,65170,63534,1636,97.4896424735,32193,31320,873,32977,32214,763,5766,2988,2778,817,429,388,4949,2559,2390,5578,2631,2947,129,37,92,5449,2594,2855,71132,50734,33266,29893,17070,6973,997,3417,32529,4076,729,11107,22221,1539,15480,5202,21709,1457,5568,14684,1106,4660,5962,14378,13947,11082,10214,9971,3312,1679,587,38138,553,2435,2957,7243,7011,5448,4978,4882,1608,766,257,38760,553,2225,3005,7135,6936,5634,5236,5089,1704,913,330,7,159,84,9,45,31,26,361,40,587,1688,45.3759152187,25.8021978022,11,3,6,192.7089490433,1106,5578,10.1133969674
11,"Alajuela","San Mateo",208,2,4,204,848,"Mixto",FALSE,FALSE,-253.606238,29.839908,124.5859934167,50,69,1.38,0,0,69,2,6136,3128,3008,2462,2461,1834,627,3.3440567067,1,1611,805,806,4525,2323,2202,5220,5102,118,97.7394636015,2651,2586,65,2569,2516,53,422,224,198,52,23,29,370,201,169,667,330,337,12,2,10,655,328,327,5714,3793,2011,1837,896,829,142,338,2443,466,47,975,1857,160,1308,389,1834,182,640,1012,76,346,494,1047,1007,801,779,919,370,214,83,3128,39,185,253,544,518,381,405,473,184,106,40,3008,37,161,241,503,489,420,374,446,186,108,43,2,9,6,1,0,2,3,23,11,19,193,32.7734281933,8.9622641509,0,0,0,49.251122311,76,667,11.5710560626
21,"Alajuela","Atenas",213,2,5,205,819,"Mixto",FALSE,TRUE,-675.154644,79.841254,127.0089853933,249,297,1.1927710843,-0.67003367,199,98,2,25460,12737,12723,8692,8691,7472,1219,3.4059154176,1,14317,7070,7247,11143,5667,5476,22029,21579,450,97.957238186,10945,10714,231,11084,10865,219,1657,882,775,211,114,97,1446,768,678,2436,1190,1246,21,6,15,2415,1184,1231,23803,17176,11692,10814,5522,2994,386,1415,10933,1147,326,2737,7631,643,5287,1701,7472,367,1545,5560,285,1372,1774,4242,4470,3620,3443,3818,1486,695,255,12737,160,722,910,2186,2267,1806,1632,1864,736,347,107,12723,125,650,864,2056,2203,1814,1811,1954,750,348,148,2,61,39,3,4,8,9,126,21,286,1216,44.3937836038,19.0412782956,1,5,2,200.4582582969,285,2436,9.4383346426
63,"Alajuela","Naranjo",223,2,6,206,723,"Mixto",FALSE,FALSE,-675.071445,80.796354,127.4366545326,446,576,1.2914798206,-0.4305555556,248,328,7,42713,20903,21810,12867,12861,11678,1183,3.6486555917,6,23028,11045,11983,19685,9858,9827,36148,35194,954,97.3608498395,17587,17111,476,18561,18083,478,3172,1613,1559,429,194,235,2743,1419,1324,3402,1542,1860,39,10,29,3363,1532,1831,39541,27318,17181,15329,8390,4104,706,1556,18156,2246,567,6988,11958,854,7996,3108,11678,830,3166,7682,620,2552,3393,7920,7908,5750,5573,5595,1981,1051,370,20903,323,1290,1703,4029,3954,2730,2629,2703,888,489,165,21810,297,1262,1690,3891,3954,3020,2944,2892,1093,562,205,10,52,45,4,7,13,5,136,63,291,1941,38.5581441298,13.0376344086,0,2,1,335.1704433599,620,3402,9.6387516681
45,"Alajuela","Palmares",233,2,7,207,757,"Mixto",FALSE,FALSE,-591.041685,70.320931,38.9962397365,375,467,1.2453333333,-0.5267665953,246,221,4,34716,17106,17610,10276,10268,9657,611,3.5821683753,8,28080,13797,14283,6636,3309,3327,29933,29397,536,98.2093341797,14665,14418,247,15268,14979,289,2335,1204,1131,462,217,245,1873,987,886,3023,1446,1577,41,14,27,2982,1432,1550,32381,23266,16745,15520,7027,3238,723,1724,13745,3143,492,4624,9800,920,6253,2627,9657,617,2678,6362,455,1880,2448,6192,6417,4585,4709,5007,1837,852,334,17106,245,959,1237,3178,3234,2222,2223,2362,924,388,134,17610,210,921,1211,3014,3183,2363,2486,2645,913,464,200,9,37,109,5,13,20,13,206,45,117,395,44.1102381963,22.8515625,1,2,0,890.2396804056,455,3023,9.6814149096
65,"Alajuela","Poás",242,2,8,208,707,"Mixto",FALSE,FALSE,-421.238227,50.39747,74.7113081913,317,406,1.2807570978,-0.5566502463,226,180,3,29199,14508,14691,8599,8597,7906,691,3.6902352644,2,16908,8329,8579,12291,6179,6112,24536,23900,636,97.4078904467,12122,11768,354,12414,12132,282,2323,1208,1115,337,182,155,1986,1026,960,1980,961,1019,52,21,31,1928,940,988,26876,18897,11980,10673,6814,2258,390,1157,12476,1680,237,4187,8078,747,5518,1813,7906,525,1836,5545,443,1880,2340,5403,5508,4208,3800,3637,1153,612,215,14508,223,985,1178,2719,2748,2078,1842,1774,591,281,89,14691,220,895,1162,2684,2760,2130,1958,1863,562,331,126,3,94,9,2,5,13,12,138,65,220,1092,42.7061664311,16.7682926829,1,0,2,390.8243705922,443,1980,9.2605911161
14,"Alajuela","Orotina",249,2,9,209,844,"Mixto",FALSE,FALSE,-422.763819,49.542653,146.213572482,285,373,1.3087719298,-0.5656836461,211,162,3,20341,9982,10359,7368,7362,6024,1338,3.3743359894,6,10514,5073,5441,9827,4909,4918,17032,16476,556,96.7355565993,8322,8030,292,8710,8446,264,1657,837,820,193,80,113,1464,757,707,1522,742,780,3,0,3,1519,742,777,18684,13733,7641,7253,4032,1746,312,1122,7883,1928,186,3132,6121,306,4138,1677,6024,655,1758,3611,365,1292,1652,3745,3601,2866,2687,2611,902,451,169,9982,191,646,823,1843,1791,1363,1308,1275,462,199,81,10359,174,646,829,1902,1810,1503,1379,1336,440,252,88,9,47,46,3,14,16,26,161,14,98,612,37.1644639044,13.8028169014,0,0,0,139.1184118869,365,1522,11.312128214
39,"Alajuela","San Carlos",256,2,10,210,767,"Mixto",FALSE,FALSE,-1098.393376,135.655845,3365.7340646127,2273,2974,1.3084029916,-0.6735036987,2003,971,34,163745,82048,81697,50545,50508,44966,5542,3.6224258329,37,77559,37993,39566,86186,44055,42131,133297,127499,5798,95.6503147108,66410,63369,3041,66887,64130,2757,15685,8140,7545,1491,761,730,14194,7379,6815,9136,4590,4546,183,42,141,8953,4548,4405,148060,101667,60373,55360,30799,16568,1402,3844,69029,8997,1108,31998,45958,3452,31423,11083,44966,4305,13197,27464,3125,12560,14763,33301,31857,22737,19294,16972,5433,2691,1012,82048,1670,6470,7498,16630,15987,11142,9526,8535,2737,1354,499,81697,1455,6090,7265,16671,15870,11595,9768,8437,2696,1337,513,45,303,249,18,184,38,38,875,39,711,4502,43.7991841231,13.6389794744,9,5,2,48.6506054419,3125,9136,8.8259183487
50,"Alajuela","Zarcero",271,2,11,211,742,"Mixto",FALSE,FALSE,-590.790743,71.506368,158.3125151095,100,137,1.37,0.8540145985,-117,254,5,12205,6103,6102,3599,3598,3333,265,3.6477647765,1,5297,2564,2733,6908,3539,3369,10291,10054,237,97.6970168108,5145,5004,141,5146,5050,96,999,515,484,153,83,70,846,432,414,905,425,480,6,1,5,899,424,475,11206,8017,5179,4652,1590,2214,157,270,5380,369,125,2100,3417,212,2498,707,3333,155,714,2464,218,781,915,2342,2391,1533,1613,1507,525,286,94,6103,108,407,443,1157,1249,764,801,749,254,134,37,6102,110,374,472,1185,1142,769,812,758,271,152,57,2,15,9,1,2,2,3,34,50,16,47,40.6625507256,25.3968253968,0,0,0,77.0943471624,218,905,7.8246620238
52,"Alajuela","Valverde Vega",280,2,12,212,741,"Mixto",FALSE,FALSE,-421.637818,50.608032,137.4388575797,217,273,1.2580645161,-0.2490842491,68,205,4,18085,8881,9204,5623,5621,5054,567,3.5694499406,2,6699,3246,3453,11386,5635,5751,15368,14911,457,97.0262883915,7457,7219,238,7911,7692,219,1365,717,648,172,85,87,1193,632,561,1418,650,768,16,3,13,1402,647,755,16720,11075,7175,6429,3055,2115,278,806,6727,1968,160,2976,5129,402,3389,1338,5054,390,1457,3207,244,1121,1352,3459,3383,2285,2457,2366,831,462,125,8881,128,589,707,1734,1664,1072,1180,1157,389,213,48,9204,116,532,645,1725,1719,1213,1277,1209,442,249,77,2,21,14,0,2,3,1,43,52,123,587,41.9380178104,17.323943662,1,1,2,131.585785261,244,1418,9.1346419685
68,"Alajuela","Upala",287,2,13,213,700,"Mixto",FALSE,FALSE,-595.833745,76.276536,1591.4969283596,696,886,1.2729885057,-0.7031602709,623,263,6,43953,22021,21932,13294,13291,11518,1773,3.8101232853,3,9414,4493,4921,34539,17528,17011,35631,33546,2085,94.1483539614,17824,16722,1102,17807,16824,983,4090,2065,2025,242,126,116,3848,1939,1909,2900,1592,1308,13,8,5,2887,1584,1303,39863,21499,9976,8681,4785,4132,466,597,17594,2628,322,13429,11692,896,7976,2820,11518,2021,4705,4792,728,3362,4232,10309,7035,5828,4856,4703,1670,925,305,22021,382,1683,2132,5222,3348,2749,2419,2494,922,509,161,21932,346,1679,2100,5087,3687,3079,2437,2209,748,416,144,16,45,28,11,19,19,4,142,68,250,1679,37.8362345076,12.9600829445,2,1,1,27.6173954324,728,2900,13.4507314632
78,"Alajuela","Los Chiles",296,2,14,214,636,"Mixto",FALSE,FALSE,-338.68222,43.609498,1338.3832584825,293,365,1.2457337884,-0.4410958904,161,204,10,23735,12125,11610,7181,7176,6035,1141,3.927920464,5,4844,2304,2540,18891,9821,9070,18980,17291,1689,91.1011591149,9696,8838,858,9284,8453,831,2338,1214,1124,160,86,74,2178,1128,1050,1243,684,559,12,8,4,1231,676,555,21397,11574,4856,4330,2585,2417,139,286,8746,2673,160,6729,6191,489,4333,1369,6035,1232,2399,2404,465,1873,2417,5580,4284,3187,2445,2241,742,369,132,12125,233,981,1215,2866,2096,1535,1269,1246,407,202,75,11610,232,892,1202,2714,2188,1652,1176,995,335,167,57,2,17,6,4,16,8,10,63,78,10,127,32.7659521886,7.299270073,0,0,0,17.7340831556,465,1243,10.7520539288
71,"Alajuela","Guatuso",302,2,15,215,684,"Mixto",FALSE,FALSE,-339.526124,42.734813,762.8554623168,234,326,1.3931623932,-0.263803681,86,240,5,15508,7886,7622,5288,5287,4409,878,3.5110002268,1,2660,1239,1421,12848,6647,6201,12607,11881,726,94.2412945189,6374,5987,387,6233,5894,339,1451,780,671,115,63,52,1336,717,619,992,553,439,6,2,4,986,551,435,14057,9075,3844,3458,1497,2197,214,249,5904,1852,127,3468,4497,355,3165,977,4409,751,1687,1971,265,1186,1450,3311,2591,2078,1838,1797,601,308,83,7886,127,653,732,1698,1268,963,941,951,339,175,39,7622,138,533,718,1613,1323,1115,897,846,262,133,44,4,14,4,4,14,2,1,43,71,26,262,36.7553237554,9.0277777778,0,0,0,20.3288837349,265,992,12.9997420686
28,"Cartago","Cartago",310,3,1,301,801,"Mixto",FALSE,TRUE,-923.30802,108.503116,278.8900457423,1648,2127,1.2906553398,-0.3888105313,827,1300,19,147898,72491,75407,41169,41140,38618,2522,3.8001191154,29,131168,64052,67116,16730,8439,8291,126599,124565,2034,98.3933522382,61626,60636,990,64973,63929,1044,10466,5347,5119,1996,1041,955,8470,4306,4164,11185,5090,6095,328,70,258,10857,5020,5837,137432,102801,74911,69422,35061,14741,1729,7608,62826,4515,826,20592,39773,2513,26172,11088,38618,1847,8137,28634,2107,8359,10833,26978,28090,21626,19329,19391,6599,3402,1184,72491,1094,4253,5518,13834,14059,10486,9186,8971,3118,1540,432,75407,1013,4106,5315,13144,14031,11140,10143,10420,3481,1862,752,15,271,454,16,188,222,83,1249,28,1525,6218,49.7151941857,19.6952085755,12,10,10,530.3093540193,2107,11185,8.6039026897
59,"Cartago","Paraíso",323,3,2,302,732,"Mixto",FALSE,TRUE,-419.181959,49.169165,479.4212235092,752,952,1.2659574468,-0.4653361345,443,509,9,57743,28268,29475,15936,15932,14626,1306,3.9366880897,4,44408,21489,22919,13335,6779,6556,48596,47601,995,97.9525063791,23702,23236,466,24894,24365,529,4428,2220,2208,753,393,360,3675,1827,1848,3724,1797,1927,79,20,59,3645,1777,1868,53315,38900,24468,22609,12893,5834,748,2431,25752,2021,290,7774,15076,721,10510,3845,14626,798,3477,10351,856,3572,4719,11122,11023,8104,7496,7127,2188,1194,342,28268,448,1772,2346,5534,5504,3832,3572,3463,1082,575,140,29475,408,1800,2373,5588,5519,4272,3924,3664,1106,619,202,11,43,58,7,20,37,14,190,59,331,2188,41.9982226941,13.1401349742,3,2,1,120.4431451268,856,3724,8.0459969174
31,"Cartago","La Unión",330,3,3,303,789,"Mixto",FALSE,TRUE,-671.964773,79.303964,44.6534326448,1426,1764,1.237026648,-0.8786848073,1550,214,3,99399,47946,51453,28738,28726,26979,1747,3.6714110975,12,96404,46470,49934,2995,1476,1519,83579,82440,1139,98.6372174829,39996,39484,512,43583,42956,627,8107,4052,4055,1497,722,775,6610,3330,3280,5865,2527,3338,200,37,163,5665,2490,3175,91292,71714,54308,51589,27533,8182,836,4593,40392,3204,608,14051,27573,2272,16944,8357,26979,1595,6589,18795,1674,6433,7713,17501,18497,15945,13435,12336,3630,1728,507,47946,864,3188,3898,8778,8968,7582,6457,5684,1658,727,142,51453,810,3245,3815,8723,9529,8363,6978,6652,1972,1001,365,28,209,254,15,51,116,1,674,31,309,921,47.4199979724,25.1219512195,10,0,4,2226.0102776585,1674,5865,9.4055272186
55,"Cartago","Jiménez",340,3,4,304,735,"Mixto",FALSE,FALSE,-251.166461,29.559171,251.7772466066,174,217,1.2471264368,0.7142857143,-155,372,7,14669,7294,7375,4796,4785,4113,672,3.5628495016,11,7711,3789,3922,6958,3505,3453,12508,12077,431,96.5542053086,6255,6050,205,6253,6027,226,1042,526,516,164,74,90,878,452,426,1181,606,575,41,11,30,1140,595,545,13627,8740,4666,4107,2987,1145,216,796,6706,1122,83,1614,4193,414,2747,1032,4113,407,1374,2332,209,833,1119,2806,2535,2054,2063,1869,688,393,100,7294,106,420,513,1398,1308,988,1002,953,354,209,43,7375,103,413,606,1408,1227,1066,1061,916,334,184,57,1,5,4,1,0,1,7,19,55,33,303,34.2484182078,9.8214285714,1,0,0,58.26181753,209,1181,10.9482582316
58,"Cartago","Turrialba",345,3,5,305,733,"Mixto",FALSE,FALSE,-1003.40173,118.963848,1594.0655282415,877,1102,1.2565564424,-0.278584392,307,795,24,69616,34415,35201,23221,23215,20453,2762,3.3973011294,6,39946,19369,20577,29670,15046,14624,58784,56468,2316,96.0601524224,28855,27779,1076,29929,28689,1240,5428,2755,2673,1020,490,530,4408,2265,2143,6004,2988,3016,100,28,72,5904,2960,2944,64188,42843,25741,23646,12707,5640,1529,3968,27933,8459,629,8751,20790,1706,13701,5383,20453,1826,5356,13271,1000,4428,5404,12395,11973,9206,9491,9715,3378,2026,600,34415,517,2238,2805,6266,5964,4318,4563,4756,1674,1013,301,35201,483,2190,2599,6129,6009,4888,4928,4959,1704,1013,299,18,37,61,4,19,15,77,231,58,816,3506,41.6401364509,18.8801480796,9,1,3,43.6719813374,1000,6004,11.7142610894
30,"Cartago","Alvarado",359,3,6,306,790,"Mixto",FALSE,TRUE,-251.393818,29.738054,79.9385834214,123,168,1.3658536585,0.3095238095,-52,220,3,14312,7165,7147,4000,3996,3612,384,3.9532115172,4,8956,4483,4473,5356,2682,2674,12053,11716,337,97.2040155978,6009,5815,194,6044,5901,143,1117,569,548,183,87,96,934,482,452,1001,501,500,30,10,20,971,491,480,13195,8920,4573,4012,1990,2435,218,470,6660,410,77,2052,3719,321,2689,709,3612,182,815,2615,222,895,1142,2754,2588,2017,1968,1725,641,279,81,7165,133,436,587,1388,1303,982,974,861,326,144,31,7147,89,459,555,1366,1285,1035,994,864,315,135,50,2,7,7,0,2,5,5,28,30,118,540,42.7716489231,17.9331306991,0,0,0,179.037448344,222,1001,8.8806595864
16,"Cartago","Oreamuno",364,3,7,307,834,"Mixto",FALSE,TRUE,-419.337502,49.497891,202.7501748512,479,608,1.2693110647,-0.4588815789,279,329,3,45473,22237,23236,11915,11909,11232,677,4.040954416,6,39770,19351,20419,5703,2886,2817,38383,37491,892,97.6760545033,18657,18170,487,19726,19321,405,3500,1782,1718,661,342,319,2839,1440,1399,2862,1351,1511,84,19,65,2778,1332,1446,41973,30542,20286,18571,9421,4916,605,1676,19963,1527,248,7117,11509,824,7762,2923,11232,452,2169,8611,675,2825,3590,8826,8325,6712,6103,5555,1800,782,280,22237,365,1417,1798,4437,4125,3201,2913,2630,871,364,116,23236,310,1408,1792,4389,4200,3511,3190,2925,929,418,164,5,52,35,3,12,23,14,144,16,123,1089,36.8445265317,10.1485148515,0,1,0,224.2809409826,675,2862,8.2928331098
17,"Cartago","El Guarco",371,3,8,308,832,"Mixto",FALSE,TRUE,-335.905435,39.292034,173.6106953544,484,608,1.2561983471,-0.3733552632,227,381,5,41793,21057,20736,11819,11812,10831,981,3.8300249284,7,36636,18380,18256,5157,2677,2480,35242,34687,555,98.4251745077,17693,17418,275,17549,17269,280,3191,1658,1533,566,277,289,2625,1381,1244,2405,1144,1261,78,18,60,2327,1126,1201,38602,28342,19944,18115,9452,4538,465,1494,18645,1538,215,5446,10988,799,7646,2543,10831,553,2345,7933,646,2545,3360,7952,7787,6689,5543,4866,1449,759,197,21057,341,1317,1706,4040,3999,3362,2759,2389,718,354,72,20736,305,1228,1654,3912,3788,3327,2784,2477,731,405,125,3,57,77,3,15,51,15,221,17,163,1061,41.598953806,13.3169934641,1,0,3,240.7282564861,646,2405,8.1090134712
19,"Heredia","Heredia",379,4,1,401,828,"Mixto",FALSE,TRUE,-420.689535,50.129774,284.2714090618,1840,2282,1.2402173913,-0.7340052585,1675,607,9,123616,58667,64949,37277,37261,35216,2045,3.5009654702,16,123255,58459,64796,361,208,153,106560,105570,990,99.0709459459,50051,49591,460,56509,55979,530,8228,4156,4072,1624,822,802,6604,3334,3270,9101,3752,5349,318,64,254,8783,3688,5095,115388,92327,75600,72491,38698,9859,934,7782,48554,3983,865,12941,36339,3309,20843,12187,35216,1227,6467,27522,1652,6576,8828,20308,24061,19429,16770,16891,5291,2847,963,58667,851,3305,4460,10093,11788,9272,7708,7438,2265,1127,360,64949,801,3271,4368,10215,12273,10157,9062,9453,3026,1720,603,51,618,535,28,274,232,108,1846,19,1971,5969,50.043610689,24.8236775819,29,22,16,434.8520324572,1652,9101,10.4905513849
22,"Heredia","Barva",386,4,2,402,819,"Mixto",FALSE,TRUE,-504.74838,60.187069,56.2136380698,459,549,1.1960784314,-0.6830601093,375,174,3,40660,19880,20780,12183,12177,11291,886,3.5891417943,6,37013,18034,18979,3647,1846,1801,34974,34574,400,98.8562932464,17017,16815,202,17957,17759,198,2704,1336,1368,520,248,272,2184,1088,1096,2675,1191,1484,107,28,79,2568,1163,1405,37956,29383,23407,22163,11431,3522,325,2169,16835,2232,249,3897,11553,1086,7412,3055,11291,341,2073,8877,466,2238,2982,6928,7680,6405,5559,5727,1607,781,287,19880,226,1110,1527,3552,3803,3162,2605,2704,729,353,109,20780,240,1128,1455,3376,3877,3243,2954,3023,878,428,178,6,105,55,2,13,25,6,212,22,112,815,40.4193960575,12.0819848975,0,1,2,723.3120181529,466,2675,9.4958189867
2,"Heredia","Santo Domingo",394,4,3,403,935,"Urbano",FALSE,TRUE,-672.545483,79.916431,25.3373846277,440,530,1.2045454545,-0.5320754717,282,248,5,40072,19479,20593,12284,12279,11496,783,3.4786012526,5,40072,19479,20593,NA,NA,NA,35069,34742,327,99.0675525393,16903,16744,159,18166,17998,168,2398,1257,1141,570,291,279,1828,966,862,3737,1611,2126,77,15,62,3660,1596,2064,37674,29959,23880,22862,11626,3655,406,2983,15424,1939,313,3726,11795,1183,7177,3435,11496,456,2122,8918,427,1971,2605,6284,7176,6027,5525,6320,2183,1148,406,19479,241,1016,1319,3167,3628,2887,2643,2967,998,478,135,20593,186,955,1286,3117,3548,3140,2882,3353,1185,670,271,12,169,116,10,24,60,9,400,2,186,1165,41.4710466354,13.7675795707,6,0,1,1581.5365551241,427,3737,9.8098422839
29,"Heredia","Santa Bárbara",404,4,4,404,798,"Mixto",FALSE,TRUE,-504.947877,60.281998,52.3322460447,426,518,1.2159624413,-0.4903474903,254,264,4,36243,17877,18366,10849,10847,10107,740,3.5846443059,2,31827,15656,16171,4416,2221,2195,30791,30331,460,98.5060569647,15144,14899,245,15647,15432,215,2628,1334,1294,414,220,194,2214,1114,1100,2426,1129,1297,70,22,48,2356,1107,1249,33615,25565,18761,17496,9491,3010,357,1645,15806,1565,223,4146,10289,813,7041,2435,10107,365,2021,7721,543,2085,2824,6396,6739,5654,4869,4707,1428,738,260,17877,272,1062,1399,3226,3356,2727,2422,2284,673,334,122,18366,271,1023,1425,3170,3383,2927,2447,2423,755,404,138,7,107,23,4,12,31,6,190,29,216,1187,45.8706164355,15.3955808981,5,2,4,692.555789962,543,2426,9.662555528
9,"Heredia","San Rafael",412,4,5,405,865,"Mixto",FALSE,TRUE,-420.483043,50.081135,48.2975528903,642,807,1.2570093458,-0.8364312268,675,132,2,45965,22424,23541,14086,14080,12957,1123,3.5425638651,6,41529,20238,21291,4436,2186,2250,39301,38796,505,98.7150454187,19041,18803,238,20260,19993,267,3265,1668,1597,609,323,286,2656,1345,1311,3345,1532,1813,72,18,54,3273,1514,1759,42700,32592,25452,24107,12555,4095,395,2408,18893,1683,295,5641,13237,1347,8060,3830,12957,618,2734,9605,598,2667,3399,7661,8531,7146,6218,6400,1980,1042,323,22424,295,1373,1715,3809,4162,3490,2991,3057,923,468,141,23541,303,1294,1684,3852,4369,3656,3227,3343,1057,574,182,15,114,76,7,24,51,15,302,9,175,1023,42.6819584372,14.6076794658,1,0,1,951.7045326178,598,3345,9.3701729577
10,"Heredia","San Isidro",419,4,6,406,864,"Mixto",FALSE,TRUE,-336.205157,40.069916,26.5834632857,261,320,1.2260536398,-0.603125,193,127,2,20633,10212,10421,6167,6163,5807,356,3.5381436198,4,19527,9652,9875,1106,560,546,17797,17561,236,98.6739338091,8729,8610,119,9068,8951,117,1409,726,683,319,155,164,1090,571,519,1555,716,839,32,4,28,1523,712,811,19224,14888,11639,10950,5793,1987,212,1041,8563,568,150,2319,5961,705,3658,1598,5807,199,1159,4449,298,1111,1427,3436,3741,3163,2930,2972,901,480,174,10212,142,584,757,1773,1916,1491,1392,1441,419,220,77,10421,156,527,670,1663,1825,1672,1538,1531,482,260,97,2,29,48,3,13,31,6,132,10,202,1104,42.9138151436,15.4670750383,5,2,1,776.1592151568,298,1555,8.6172636068
4,"Heredia","Belén",425,4,7,407,905,"Urbano",FALSE,TRUE,-252.550122,29.946189,12.517343876,245,312,1.2734693878,-0.75,234,78,2,21633,10495,11138,6566,6561,6011,550,3.586757611,5,21633,10495,11138,NA,NA,NA,18963,18781,182,99.0402362495,9134,9035,99,9829,9746,83,1290,647,643,375,177,198,915,470,445,1869,835,1034,72,14,58,1797,821,976,20343,16018,13261,12754,6788,1894,184,1288,8332,648,266,2233,6243,648,3905,1690,6011,142,910,4959,220,1070,1380,3272,4074,3324,3031,3393,1073,553,243,10495,113,534,714,1616,1999,1671,1404,1609,503,235,97,11138,107,536,666,1656,2075,1653,1627,1784,570,318,146,6,81,160,0,26,38,6,317,4,173,798,48.1548329597,17.8166838311,5,0,2,1728.2420467337,220,1869,8.8291036842
7,"Heredia","Flores",430,4,8,408,880,"Urbano",FALSE,TRUE,-252.462643,30.01619,6.7631178316,251,309,1.2310756972,-0.7799352751,241,68,1,20037,9811,10226,6161,6158,5751,407,3.4790471222,3,20037,9811,10226,NA,NA,NA,17251,17094,157,99.0899078314,8377,8293,84,8874,8801,73,1359,719,640,351,193,158,1008,526,482,1493,664,829,65,16,49,1428,648,780,18678,14789,12260,11737,6138,1750,242,1101,8075,815,107,1809,5876,650,3634,1592,5751,135,842,4774,293,1066,1427,3228,3708,3451,2682,2689,878,467,148,9811,154,565,715,1651,1835,1669,1314,1244,406,190,68,10226,139,501,712,1577,1873,1782,1368,1445,472,277,80,5,126,83,5,18,26,12,275,7,184,1220,45.2613118055,13.1054131054,3,3,1,2962.6868108477,293,1493,9.4026051804
8,"Heredia","San Pablo",435,4,9,409,875,"Urbano",FALSE,TRUE,-168.16994,20.002542,8.3564075995,391,466,1.1918158568,-0.8884120172,414,52,1,27671,13344,14327,8603,8600,8006,594,3.4436672496,3,27671,13344,14327,NA,NA,NA,23978,23759,219,99.0866627742,11503,11396,107,12475,12363,112,1774,916,858,458,229,229,1316,687,629,1962,828,1134,61,19,42,1901,809,1092,25897,21169,17939,17334,8736,2225,241,1770,10571,1492,214,2422,8196,911,4774,2511,8006,209,1205,6592,358,1416,1919,4376,5164,4668,3883,3925,1128,603,231,13344,193,723,925,2239,2540,2264,1828,1804,500,252,76,14327,165,693,994,2137,2624,2404,2055,2121,628,351,155,9,81,59,2,9,29,14,203,8,67,732,39.5113928653,8.3854818523,2,0,0,3311.3511602545,358,1962,10.9826171804
77,"Heredia","Sarapiquí",439,4,10,410,644,"Mixto",FALSE,FALSE,-419.837887,52.598169,2154.7416515792,972,1279,1.3158436214,-0.7998436278,1023,256,5,57147,29057,28090,19164,19127,15768,3359,3.6026763064,37,10319,4977,5342,46828,24080,22748,45834,43261,2573,94.3862634725,23291,21918,1373,22543,21343,1200,5685,2840,2845,365,173,192,5320,2667,2653,2725,1544,1181,22,7,15,2703,1537,1166,51462,31973,15029,13260,11066,4101,518,1220,24762,4080,372,11028,16158,947,11407,3804,15768,2391,6333,7044,1095,4590,5628,12748,10062,8234,6469,5596,1694,784,247,29057,532,2308,2926,6439,4935,4049,3301,3023,967,450,127,28090,563,2282,2702,6309,5127,4185,3168,2573,727,334,120,10,112,37,10,41,51,10,271,77,122,1330,36.7786671563,8.4022038567,1,0,0,26.5215089513,1095,2725,10.4729907082
24,"Guanacaste","Liberia",448,5,1,501,817,"Mixto",FALSE,FALSE,-427.403981,53.477434,1448.5812452958,1121,1469,1.3104371097,-0.77195371,1134,335,6,62987,30841,32146,18684,18666,16577,2089,3.7469988538,18,51636,24782,26854,11351,6059,5292,51673,50479,1194,97.6893155033,25022,24408,614,26651,26071,580,5856,3019,2837,645,344,301,5211,2675,2536,3557,1598,1959,32,4,28,3525,1594,1931,57131,40764,26369,24741,14052,4281,817,2398,22913,6178,450,11898,16980,1258,10249,5473,16577,1306,4572,10699,1099,4757,5458,12054,12033,9588,7227,7214,2006,1130,421,30841,587,2432,2800,6091,5836,4657,3420,3420,901,516,181,32146,512,2325,2658,5963,6197,4931,3807,3794,1105,614,240,30,106,318,14,98,55,25,646,24,662,2684,39.5587799722,19.7848176928,6,7,0,43.4818552322,1099,3557,7.9190944163
27,"Guanacaste","Nicoya",455,5,2,502,803,"Mixto",FALSE,FALSE,-597.960376,70.508131,1334.6952220991,757,940,1.2417437252,-0.2106382979,198,742,20,50825,24987,25838,18338,18336,15038,3298,3.3786407767,2,22399,10776,11623,28426,14211,14215,43063,41884,1179,97.2621508023,21018,20413,605,22045,21471,574,3926,2010,1916,534,284,250,3392,1726,1666,4878,2406,2472,27,7,20,4851,2399,2452,46899,27470,15912,14540,7724,4328,1453,2053,17396,10299,341,7231,15160,893,9693,4574,15038,1391,5178,8469,722,3204,3836,9113,8446,6920,6582,7124,2735,1476,667,24987,370,1640,1959,4507,4132,3311,3219,3443,1398,710,298,25838,352,1564,1877,4606,4314,3609,3363,3681,1337,766,369,4,60,147,10,19,33,24,297,27,262,1911,33.7086555029,12.0570639669,4,3,2,38.0798546054,722,4878,13.8435809149
33,"Guanacaste","Santa Cruz",464,5,3,503,780,"Mixto",FALSE,FALSE,-770.965814,92.541588,1325.6673085193,861,1076,1.24970964,-0.0334572491,36,1040,25,55104,27283,27821,22742,22730,16645,6085,3.3072394112,12,26483,12814,13669,28621,14469,14152,46375,45504,871,98.1218328841,22836,22352,484,23539,23152,387,4493,2285,2208,694,369,325,3799,1916,1883,4454,2149,2305,27,13,14,4427,2136,2291,50611,33166,20099,18825,10305,4919,1747,2557,19135,3593,601,12247,16929,825,10851,5253,16645,1340,5000,10305,835,3658,4236,9613,9348,8190,7297,7473,2450,1421,583,27283,408,1877,2162,4740,4613,4012,3645,3677,1230,660,259,27821,427,1781,2074,4873,4735,4178,3652,3796,1220,761,324,15,73,124,4,45,22,17,300,33,285,1967,32.0031499917,12.6554174068,0,3,1,41.5669901836,835,4454,12.3167102207
53,"Guanacaste","Bagaces",475,5,4,504,741,"Mixto",FALSE,FALSE,-340.77665,42.589766,1278.0562305599,278,371,1.3345323741,-0.5498652291,204,167,3,19536,9854,9682,6531,6529,5615,914,3.4774710597,2,9120,4444,4676,10416,5410,5006,16086,15470,616,96.1705831158,8053,7707,346,8033,7763,270,1699,892,807,141,68,73,1558,824,734,1389,701,688,32,8,24,1357,693,664,17837,12238,6211,5720,3296,1527,353,656,7875,2530,131,3168,5673,312,3867,1494,5615,642,1982,2991,328,1371,1751,3972,3291,2748,2444,2242,822,427,140,9854,186,706,909,2064,1616,1308,1220,1144,427,213,61,9682,142,665,842,1908,1675,1440,1224,1098,395,214,79,7,32,14,3,4,13,4,77,53,85,495,35.8477388349,14.6551724138,0,1,0,15.2857124224,328,1389,9.3622031122
34,"Guanacaste","Carrillo",481,5,5,505,775,"Mixto",FALSE,FALSE,-342.363094,41.921786,601.5876238718,543,740,1.3627992634,-0.5216216216,386,354,5,37122,18598,18524,14554,14546,10141,4405,3.654866384,8,23139,11536,11603,13983,7062,6921,30607,29936,671,97.8076910511,15248,14879,369,15359,15057,302,3368,1762,1606,344,169,175,3024,1593,1431,2580,1269,1311,30,9,21,2550,1260,1290,33754,21409,12510,11371,7340,2733,681,1668,13739,3193,477,7291,10345,599,6814,2932,10141,840,3049,6252,609,2759,3147,6937,6653,5324,4593,4520,1448,824,308,18598,287,1475,1588,3493,3285,2624,2313,2264,718,413,138,18524,322,1284,1559,3444,3368,2700,2280,2256,730,411,170,12,39,82,4,15,12,8,172,34,82,688,27.6960581044,10.6493506494,0,0,0,61.7067215597,609,2580,10.1799472011
48,"Guanacaste","Cañas",487,5,6,506,745,"Mixto",FALSE,FALSE,-425.696018,51.914208,689.4342444797,406,519,1.2783251232,-0.7379576108,383,136,2,26201,12910,13291,7888,7883,7172,711,3.6450083659,5,20949,10140,10809,5252,2770,2482,21579,20807,772,96.4224477501,10541,10141,400,11038,10666,372,2365,1217,1148,252,123,129,2113,1094,1019,1654,795,859,5,3,2,1649,792,857,23836,16892,8872,8266,5774,1926,462,1036,11805,781,236,4181,7372,436,4864,2072,7172,627,2618,3927,454,1911,2257,5053,4747,3647,3263,3215,988,485,181,12910,238,979,1152,2534,2363,1735,1574,1540,475,232,88,13291,216,932,1105,2519,2384,1912,1689,1675,513,253,93,15,41,119,5,28,14,22,244,48,166,943,37.7580565875,14.9684400361,1,2,2,38.0036242902,454,1654,9.6637532919
47,"Guanacaste","Abangares",494,5,7,507,749,"Mixto",FALSE,FALSE,-340.044205,40.995829,647.1116740382,261,332,1.2720306513,-0.6777108434,225,107,3,18039,9014,9025,6237,6234,5311,923,3.3923931463,3,5476,2685,2791,12563,6329,6234,15076,14405,671,95.549217299,7497,7117,380,7579,7288,291,1469,743,726,140,68,72,1329,675,654,1406,712,694,10,3,7,1396,709,687,16570,10610,5499,4964,3000,1398,290,700,6713,2373,106,3459,5393,359,3633,1401,5311,630,2044,2637,290,1179,1494,3585,3010,2377,2466,2232,826,431,149,9014,153,590,774,1802,1484,1130,1211,1158,421,223,68,9025,137,589,720,1783,1526,1247,1255,1074,405,208,81,10,21,23,1,5,8,6,74,47,80,477,36.9303353438,14.3626570916,0,0,1,27.8761776734,290,1406,11.9629691225
35,"Guanacaste","Tilarán",500,5,8,508,774,"Mixto",FALSE,FALSE,-594.670377,73.443604,670.2627737206,239,318,1.3305439331,-0.4025157233,128,190,6,19640,9736,9904,7087,7084,6018,1066,3.2555666334,3,9955,4760,5195,9685,4976,4709,16605,16001,604,96.3625414032,8177,7853,324,8428,8148,280,1488,770,718,223,134,89,1265,636,629,1863,954,909,14,1,13,1849,953,896,18152,12723,7865,7314,3109,2560,421,632,8579,1451,198,2690,6093,576,4041,1476,6018,335,1717,3966,264,1224,1547,3668,2988,2594,2630,2862,1091,555,217,9736,131,639,789,1827,1452,1230,1298,1416,549,307,98,9904,133,585,758,1841,1536,1364,1332,1446,542,248,119,7,37,17,0,5,3,10,79,35,13,37,48.4366287759,26,1,0,0,29.3019406269,264,1863,11.6649694501
13,"Guanacaste","Nandayure",509,5,9,509,846,"Mixto",FALSE,FALSE,-511.719325,59.822913,567.5451144167,138,176,1.2753623188,0.1704545455,-30,206,8,11121,5669,5452,4381,4380,3307,1073,3.3528878137,1,2304,1146,1158,8817,4523,4294,9425,9067,358,96.2015915119,4753,4582,171,4672,4485,187,851,450,401,91,43,48,760,407,353,1030,549,481,11,7,4,1019,542,477,10270,6478,3293,2989,1531,932,330,352,3936,2295,89,1656,3335,372,2195,768,3307,391,1239,1677,151,700,845,2169,1753,1464,1490,1519,605,287,138,5669,82,368,466,1088,896,709,747,764,328,153,68,5452,69,332,379,1081,857,755,743,755,277,134,70,1,4,2,1,1,1,2,12,13,42,373,33.1193683041,10.1204819277,0,0,0,19.5949180382,151,1030,13.8926355544
69,"Guanacaste","La Cruz",517,5,10,510,699,"Mixto",FALSE,FALSE,-342.159652,44.233854,1393.6658010459,328,449,1.368902439,-0.7750556793,348,101,2,19181,9440,9741,5589,5586,4732,854,4.0521978022,3,7125,3397,3728,12056,6043,6013,15323,14368,955,93.7675389937,7503,7046,457,7820,7322,498,1961,1003,958,122,61,61,1839,942,897,1065,548,517,6,1,5,1059,547,512,17220,9720,4928,4386,2097,1360,169,289,6000,3382,127,5757,4877,349,3208,1320,4732,708,2055,1969,410,1551,1897,4370,3338,2739,1951,1860,604,315,146,9440,207,796,934,2162,1581,1310,1002,900,320,160,68,9741,203,755,963,2208,1757,1429,949,960,284,155,78,7,27,36,6,12,19,7,114,69,71,479,32.1166125907,12.9090909091,0,0,0,13.7629839131,410,1065,9.3738595485
12,"Guanacaste","Hojancha",523,5,11,511,846,"Mixto",FALSE,FALSE,-341.61662,39.963402,263.5293702008,72,89,1.2361111111,0.3595505618,-32,121,4,7197,3656,3541,2500,2500,2028,472,3.548816568,0,1746,878,868,5451,2778,2673,6176,5959,217,96.4863989637,3129,3016,113,3047,2943,104,523,260,263,45,23,22,478,237,241,674,352,322,0,0,0,674,352,322,6674,4038,2518,2221,824,575,338,215,2167,2103,58,917,2041,188,1370,483,2028,167,683,1178,102,421,498,1405,1164,999,976,958,397,195,82,3656,50,210,267,711,599,484,491,492,212,100,40,3541,52,211,231,694,565,515,485,466,185,95,42,0,2,16,0,1,1,0,20,12,25,233,38.4648818369,9.6899224806,0,0,0,27.3100489502,102,674,12.5607892177
32,"Puntarenas","Puntarenas",531,6,1,601,788,"Mixto",FALSE,FALSE,-1273.259947,150.6152,1849.591642069,1909,2542,1.3315872184,-0.5649095201,1436,1106,23,115019,57246,57773,39095,39077,33228,5849,3.4387564704,18,82270,40376,41894,32749,16870,15879,94998,92220,2778,97.0757279101,46876,45430,1446,48122,46790,1332,9962,5140,4822,1077,551,526,8885,4589,4296,8198,3948,4250,84,20,64,8114,3928,4186,105057,66786,39672,36171,20458,9152,1867,4972,43741,17783,740,16306,33755,1611,22270,9874,33228,4246,12015,16967,1898,8064,10059,21787,19587,16130,14450,14846,4916,2465,817,57246,961,4179,5230,11038,9668,7777,7148,7297,2378,1176,394,57773,937,3885,4829,10749,9919,8353,7302,7549,2538,1289,423,30,267,476,44,81,112,190,1200,32,523,2646,39.7872461703,16.503628905,4,1,2,62.1861590331,1898,8198,10.8503812414
20,"Puntarenas","Esparza",548,6,2,602,823,"Mixto",FALSE,FALSE,-423.279156,49.913474,218.9785093305,375,478,1.2746666667,-0.7531380753,360,118,2,28644,14074,14570,10223,10220,8435,1785,3.3899229401,3,21374,10349,11025,7270,3725,3545,24085,23504,581,97.5877101931,11790,11458,332,12295,12046,249,2320,1169,1151,248,128,120,2072,1041,1031,2316,1159,1157,40,13,27,2276,1146,1130,26324,19285,12136,11253,5772,2275,474,1481,11806,2641,183,4012,8526,690,5622,2214,8435,887,2539,5009,464,1856,2239,5431,4840,3914,3753,3831,1421,670,225,14074,239,930,1115,2765,2324,1844,1831,1867,709,346,104,14570,225,926,1124,2666,2516,2070,1922,1964,712,324,121,2,81,63,6,31,29,19,231,20,371,1567,41.3797458623,19.1434468524,3,4,0,130.807356793,464,2316,11.9920402178
74,"Puntarenas","Buenos Aires",555,6,3,603,675,"Mixto",FALSE,FALSE,-749.649831,81.5785,2393.2982742768,800,1054,1.3175,-0.7305502846,770,284,12,45244,22809,22435,14673,14668,12205,2463,3.7028267104,5,17069,8290,8779,28175,14519,13656,36061,34353,1708,95.2635811542,18134,17316,818,17927,17037,890,4560,2320,2240,259,120,139,4301,2200,2101,2507,1364,1143,4,1,3,2503,1363,1140,40684,23778,10618,9223,5752,3153,493,592,14488,15902,206,4658,12371,824,8494,3053,12205,2052,4936,5217,917,3643,4623,10606,7826,5728,5013,4381,1483,772,252,22809,456,1864,2355,5311,3800,2802,2533,2324,823,410,131,22435,461,1779,2268,5295,4026,2926,2480,2057,660,362,121,4,16,26,7,34,8,9,104,74,106,862,37.7809616612,10.9504132231,1,1,1,18.9044551974,917,2507,10.5030501282
36,"Puntarenas","Montes de Oro",566,6,4,604,774,"Mixto",FALSE,FALSE,-254.187204,30.294317,245.5966702595,151,177,1.1721854305,-0.406779661,72,105,2,12950,6438,6512,4453,4452,3929,523,3.288877577,1,8869,4303,4566,4081,2135,1946,10967,10574,393,96.4165222942,5436,5203,233,5531,5371,160,996,506,490,118,53,65,878,453,425,1163,602,561,6,0,6,1157,602,555,11954,8427,4866,4491,2532,1110,280,710,5250,1757,64,1247,3989,330,2688,971,3929,335,1137,2457,202,794,987,2359,2158,1877,1712,1698,683,345,135,6438,113,393,496,1182,1090,890,827,845,355,177,70,6512,89,401,491,1177,1068,987,885,853,328,168,65,2,23,13,2,2,8,5,55,36,122,530,40.6857648809,18.7116564417,0,0,0,52.728727903,202,1163,10.8030888031
51,"Puntarenas","Osa",571,6,5,605,741,"Mixto",FALSE,FALSE,-417.467693,44.874153,1905.0138644399,497,648,1.3038229376,-0.7160493827,464,184,5,29433,15038,14395,11436,11425,8904,2521,3.2953728661,11,11198,5458,5740,18235,9580,8655,24390,23235,1155,95.2644526445,12452,11839,613,11938,11396,542,2565,1301,1264,194,95,99,2371,1206,1165,2107,1216,891,15,9,6,2092,1207,885,26868,17657,8305,7656,4152,3022,644,742,9957,6214,243,4459,9045,770,5950,2325,8904,1579,3476,3849,471,2094,2478,5822,5086,4076,3586,3713,1198,688,221,15038,246,1055,1285,2947,2529,2001,1797,1962,701,391,124,14395,225,1039,1193,2875,2557,2075,1789,1751,497,297,97,20,44,57,10,24,24,7,186,51,80,774,33.2135751197,9.3676814988,0,0,0,15.4502812549,471,2107,14.0658444603
49,"Puntarenas","Aguirre",578,6,6,606,742,"Mixto",FALSE,FALSE,-252.272412,28.32305,559.1662880303,395,488,1.235443038,-0.6823770492,333,155,5,26861,13829,13032,9609,9602,8094,1508,3.3155423771,7,14176,7186,6990,12685,6643,6042,22210,21436,774,96.5150832958,11427,11014,413,10783,10422,361,2438,1253,1185,208,101,107,2230,1152,1078,1443,791,652,14,5,9,1429,786,643,24423,17593,9279,8744,6011,2513,296,686,10949,1761,226,4419,8235,657,5638,1940,8094,1100,3122,3872,487,1951,2213,5073,5230,4001,3473,2990,880,438,125,13829,256,997,1149,2548,2676,2022,1803,1587,478,234,79,13032,231,954,1064,2525,2554,1979,1670,1403,402,204,46,7,70,425,6,78,67,89,742,49,72,557,38.912320277,11.4467408585,1,0,0,48.0375884151,487,1443,9.0689103161
38,"Puntarenas","Golfito",583,6,7,607,772,"Mixto",FALSE,FALSE,-332.630068,34.218031,1757.3923820545,660,864,1.3090909091,-0.8541666667,738,126,4,39150,19799,19351,13772,13765,11576,2189,3.3746544575,7,18364,9006,9358,20786,10793,9993,32027,30734,1293,95.9627814032,16144,15460,684,15883,15274,609,3497,1799,1698,225,107,118,3272,1692,1580,2554,1418,1136,15,6,9,2539,1412,1127,35653,22760,11482,10690,6096,3887,596,822,15237,2996,244,9272,11807,783,7802,3222,11576,1747,4614,5215,690,2807,3626,7798,6823,5424,4717,4711,1510,782,262,19799,365,1434,1856,3959,3281,2630,2393,2463,830,443,145,19351,325,1373,1770,3839,3542,2794,2324,2248,680,339,117,8,21,24,9,29,25,4,120,38,40,407,33.1086156796,8.9485458613,0,0,0,22.2773242901,690,2554,12.8965517241
64,"Puntarenas","Coto Brus",589,6,8,608,716,"Mixto",FALSE,FALSE,-414.874981,44.26397,946.4876194127,593,760,1.281618887,-0.6973684211,530,230,12,38453,19127,19326,13442,13436,10936,2500,3.5,6,8839,4170,4669,29614,14957,14657,31052,29402,1650,94.6863326034,15322,14532,790,15730,14870,860,3609,1851,1758,266,134,132,3343,1717,1626,2790,1496,1294,5,2,3,2785,1494,1291,34844,21878,10926,9574,4081,5242,554,717,15239,6895,267,5458,11032,851,7523,2658,10936,1662,4191,5083,729,2880,3792,8221,5937,4755,4806,4543,1646,862,282,19127,395,1456,1954,4247,2770,2183,2337,2289,873,476,147,19326,334,1424,1838,3974,3167,2572,2469,2254,773,386,135,7,26,13,3,10,4,1,64,64,181,1199,38.0602954099,13.115942029,1,0,1,40.6270501709,729,2790,12.1082880399
44,"Puntarenas","Parrita",596,6,9,609,757,"Mixto",FALSE,FALSE,-84.243337,9.55246,479.4237134462,222,284,1.2792792793,-0.8802816901,250,34,1,16115,8235,7880,6300,6286,4833,1453,3.3205048624,14,8579,4286,4293,7536,3949,3587,13380,12658,722,94.6038863976,6821,6452,369,6559,6206,353,1404,733,671,93,37,56,1311,696,615,991,528,463,0,0,0,991,528,463,14711,10621,4911,4439,3386,1421,234,528,6618,1410,115,2403,4924,290,3427,1207,4833,655,1692,2486,299,1105,1331,3060,3002,2388,2022,1917,579,310,102,8235,149,584,681,1535,1488,1207,1048,1015,302,168,58,7880,150,521,650,1525,1514,1181,974,902,277,142,44,3,46,46,4,19,36,16,170,44,51,304,42.7825761748,14.3661971831,0,0,0,33.6132726606,299,991,9.4818492088
37,"Puntarenas","Corredores",599,6,10,610,774,"Mixto",FALSE,FALSE,-331.540598,34.137353,627.1882332896,766,1022,1.3342036554,-0.7377690802,754,268,4,41831,20720,21111,13026,13022,11849,1173,3.5246856275,4,21461,10351,11110,20370,10369,10001,33935,32585,1350,96.0218063946,16750,16092,658,17185,16493,692,3912,1986,1926,274,134,140,3638,1852,1786,2633,1449,1184,22,6,16,2611,1443,1168,37919,24447,12699,11663,6547,3692,503,799,15000,8510,213,6567,12068,739,7988,3341,11849,1682,4718,5449,773,3139,3984,8406,7274,5756,5136,4730,1448,882,303,20720,381,1605,1984,4164,3496,2726,2522,2393,786,495,168,21111,392,1534,2000,4242,3778,3030,2614,2337,662,387,135,14,89,40,33,51,70,20,317,37,196,599,46.3592789853,24.6540880503,5,2,4,66.6960854489,773,2633,12.1345413688
54,"Puntarenas","Garabito",605,6,11,611,735,"Mixto",FALSE,FALSE,-169.251705,19.34502,315.06221053,349,447,1.2808022923,-0.6331096197,283,164,3,17229,8644,8585,10061,10060,5313,4747,3.2414831545,1,12595,6258,6337,4634,2386,2248,13775,13327,448,96.7477313975,6860,6642,218,6915,6685,230,1823,942,881,180,99,81,1643,843,800,613,321,292,28,8,20,585,313,272,15406,12165,6991,6661,3576,1677,85,315,6120,1102,185,4169,5374,243,3687,1444,5313,472,1576,3265,333,1490,1631,3036,3463,3085,2058,1520,400,169,44,8644,160,782,842,1467,1708,1521,1041,802,205,92,24,8585,173,708,789,1569,1755,1564,1017,718,195,77,20,24,73,493,21,59,44,119,833,54,22,196,34.7109013676,10.0917431193,0,0,0,54.6844382607,333,613,7.9401009925
73,"Limón","Limón",611,7,1,701,677,"Mixto",FALSE,FALSE,-332.586341,39.675642,1775.3024510511,1956,2626,1.3425357873,-0.9367859863,2460,166,11,94415,45744,48671,29761,29727,26666,3061,3.51680042,34,67186,31623,35563,27229,14121,13108,75554,73257,2297,96.9597903486,36270,35313,957,39284,37944,1340,9398,4708,4690,809,386,423,8589,4322,4267,5378,2655,2723,47,21,26,5331,2634,2697,85017,56477,34865,32273,20305,5755,980,3733,40311,8229,574,14528,27049,1193,17185,8671,26666,3259,9770,13637,1707,7691,9463,19192,16431,12294,10959,11300,3212,1596,570,45744,861,3847,4766,9393,7734,5719,5254,5515,1614,781,260,48671,846,3844,4697,9799,8697,6575,5705,5785,1598,815,310,80,181,166,86,61,262,400,1236,73,622,3063,36.4229202509,16.8792401628,9,7,3,53.1824872681,1707,5378,11.7767303924
75,"Limón","Pococí",617,7,2,702,661,"Mixto",FALSE,FALSE,-502.340677,62.029934,2397.995109285,2196,2850,1.2978142077,-0.6838596491,1949,901,21,125962,63273,62689,40908,40886,36238,4648,3.458193057,22,74531,36378,38153,51431,26895,24536,102673,99088,3585,96.5083322782,51408,49479,1929,51265,49609,1656,11643,5888,5755,943,473,470,10700,5415,5285,6636,3596,3040,100,25,75,6536,3571,2965,114319,75008,41653,36494,25702,9059,1385,3913,55280,9628,757,20238,36887,2286,25071,9530,36238,4615,12843,18780,2206,9437,11646,26092,22173,17986,15478,14308,4139,1891,606,63273,1145,4743,5977,13262,10745,8792,7612,7401,2293,957,346,62689,1061,4694,5669,12830,11428,9194,7866,6907,1846,934,260,63,560,252,53,139,226,85,1378,75,474,2446,40.1667519349,16.2328767123,6,2,3,52.5280470808,2206,6636,11.4145535955
62,"Limón","Siquirres",625,7,3,703,724,"Mixto",FALSE,FALSE,-501.097772,60.799707,858.4453904295,971,1280,1.3182286303,-0.5453125,698,582,18,56786,28755,28031,18392,18345,16206,2139,3.4869184253,47,30575,15131,15444,26211,13624,12587,46059,44451,1608,96.5088256367,23285,22430,855,22774,22021,753,5349,2760,2589,478,233,245,4871,2527,2344,2981,1676,1305,46,17,29,2935,1659,1276,51437,34010,16207,14561,13531,3043,767,1704,25819,5806,238,5878,16556,1084,11431,4041,16206,2297,6094,7815,1033,4316,5378,11838,10115,7798,6906,6421,1822,889,270,28755,532,2228,2710,6029,4875,3846,3466,3393,1026,494,156,28031,501,2088,2668,5809,5240,3952,3440,3028,796,395,114,48,103,111,18,58,83,66,487,62,237,1708,33.9072229032,12.1850899743,1,0,1,66.1498106147,1033,2981,10.793153242
80,"Limón","Talamanca",633,7,4,704,587,"Mixto",FALSE,FALSE,-331.286575,38.232905,2827.7951190203,632,851,1.3465189873,-0.6380728555,543,308,10,30712,15658,15054,9952,9941,7999,1942,3.8303537942,11,7175,3647,3528,23537,12011,11526,23602,21974,1628,93.1022794678,12042,11334,708,11560,10640,920,3648,1854,1794,271,134,137,3377,1720,1657,1293,731,562,4,2,2,1289,729,560,27064,13199,7765,6665,3429,1993,223,361,9203,9927,170,5406,8229,422,5673,2134,7999,1241,3228,3530,755,2893,3462,7001,5413,4272,3022,2601,761,397,135,15658,388,1466,1762,3526,2590,2146,1635,1414,429,230,72,15054,367,1427,1700,3475,2823,2126,1387,1187,332,167,63,17,8,53,10,4,21,50,163,80,50,473,29.2403462051,9.5602294455,0,0,0,10.8607585441,755,1293,9.559781193
79,"Limón","Matina",639,7,5,705,592,"Mixto",FALSE,FALSE,-249.958591,30.057194,774.3705049365,608,811,1.3338815789,-0.3982737361,323,488,9,37721,19592,18129,11798,11748,10410,1338,3.5892411143,50,19193,9728,9465,18528,9864,8664,29977,28780,1197,96.006938653,15576,14957,619,14401,13823,578,3879,2022,1857,235,115,120,3644,1907,1737,1565,897,668,10,4,6,1555,893,662,33842,20631,8552,7277,9469,2009,400,838,17055,3185,214,4551,10675,292,8005,2378,10410,1850,4695,3865,751,3128,3865,8228,6506,5591,4331,3756,930,479,156,19592,389,1633,1994,4136,3220,2949,2307,2067,543,265,89,18129,362,1495,1871,4092,3286,2642,2024,1689,387,214,67,29,47,11,30,4,57,64,242,79,147,1224,31.8098276944,10.7221006565,0,0,0,48.7118243264,751,1565,10.4954799714
67,"Limón","Guácimo",644,7,6,706,702,"Mixto",FALSE,FALSE,-418.113021,51.117328,582.7407067027,861,1132,1.3147502904,-0.6307420495,714,418,7,41266,20618,20648,13705,13698,11797,1901,3.4715605662,7,20096,9780,10316,21170,10838,10332,33332,32169,1163,96.5108604344,16606,16009,597,16726,16160,566,3949,1993,1956,405,204,201,3544,1789,1755,2230,1218,1012,17,8,9,2213,1210,1003,37317,24093,11634,10160,8681,2744,427,1250,18404,4153,495,5112,12048,650,8173,3225,11797,1367,4361,6069,776,3173,3985,8759,7271,5791,4981,4300,1420,606,204,20618,408,1585,2019,4361,3574,2733,2559,2161,760,359,99,20648,368,1588,1966,4398,3697,3058,2422,2139,660,247,105,28,85,23,28,24,79,36,303,67,113,793,34.7121487334,12.472406181,0,0,0,70.8136561001,776,2230,11.5591528135
