Cve,Provincia,Cantón,Nutrición y Asistencia Médica Básica,Agua y Saneamiento,Vivienda,Seguridad Personal,Acceso a Conocimientos Básicos,Acceso a Información y Comunicaciones,Salud y Bienestar,Sustentabilidad del Ecosistema,Derechos Personales,Libertad Personal y de Elección,Tolerancia e Inclusión,Acceso a Educación Superior,Necesidades Humanas Básicas,Fundamentos del Bienestar,Oportunidades,Índice de Progreso Social,Tasa de mortalidad infantil,Muertes por enfermedades infecciosas,Intensidad del déficit alimentario,Tasa de mortalidad materna,Acceos a fuentes de abastecimiento de agua potable mejoradas,Acceso a saneamiento mejorado,Hacinamiento ,Calidad de la vivienda,Acceso a energía eléctrica,Tasa de robos y asaltos,Tasa de homicidios,Muertes en carreteras,Analfabetismo,Matriculación en educación primaria,Matriculación en educación secundaria,Rezago escolar,Paridad de género en educación secundaria,Usuarios de telefonía movil,Usuarios de computadoras,Usuarios de internet,Cobertura telefonía movil 3G,Esperanza de vida al nacer,Tasa de muertes por IRA,Tasa de suicidio,Tasa de obesidad,Tasa de mortalidad por enfermedades no contagiosas,Separación de residuos,Cobertura forestal,Disponibilidad de agua por persona,Desastres naturales,Libertad de acceso a la información,Participación política,Derecho a la propiedad privada,Libertad de asociación,Porcentaje de madres adolescentes,Población jóvenes Nini,Rendición de cuentas,Acceso a la cultura y recreación,Inclusión al adulto mayor,Inclusión a población con discapacidad,Inclusión población indígena,Inclusión de migrantes,Inclusión de hogares con jefatura femenina,Población con educación superior,Escolaridad promedio de las mujeres,Población con educación técnica
101,SAN JOSE,SAN JOSE,82.99,98.67,63.89,43.71,84.28,73.76,64.57,39.81,68.15,84.88,82.67,57.45,72.31,65.61,73.29,70.40,12.4022133181,2.847,30.1828764599,5.6,98.4,98.9,6.8,1.407253386,100,717.6669615558,16.13,11.39,1.2,91.8461492376,75.2804007625,22.6,1.129724485,78.0953091764,59.0260103743,56.1581520319,99.3133333333,78.751,20.87,7.91,3.7953784941,257.14,39.2,1,3705,4,54.19,31.0574313843,59.0430142974,41.6588556312,4.7,18.2054596135,95.3,20.552,5.2522354026,7.7097310626,7.9190158893,25.5627748244,36.8745188607,29.4694484054,9.7331874845,4.3295891331
102,SAN JOSE,ESCAZU,85.93,98.12,86.02,52.94,88.65,77.36,67.82,64.55,75.07,85.94,86.72,67.35,80.75,74.60,78.77,78.04,12.6984126984,1.416,37.3582821687,10.2,98.6,97.7,3.8,0.3426491059,100,174.1504283159,16.1,19.33,1,93.923806462,77.6184971098,18.5,1.198361615,81.4108403553,66.1922113414,64.1539512639,95.8833333333,78.048,14.49,8,4.8313846748,224.33,64.2,2,18636,1,56.84,26.8764127877,69.5623302143,24.7748146313,2.9,14.0685989536,90,15.573,6.1698830821,6.7415730337,6.4957264957,10.2265060241,29.8507462687,40.2796163404,10.5832675284,4.1979807181
103,SAN JOSE,DESAMPARADOS,88.54,94.70,80.79,59.00,88.80,70.99,68.09,48.47,72.83,75.32,84.02,50.33,80.76,69.09,70.62,73.49,11.5085536547,2.159,36.9785040434,2.9,92.2,96.9,4.8,0.5441203388,100,189.4007396503,13.13,10.07,1.4,92.6800074808,77.5023731674,22.5,1.0835906553,76.6446586694,57.2605726212,53.9588564107,93.8233333333,79.089,14,22,1.3128528292,202.21,46.5,2,905,4,48.92,29.9996058906,68.5485136431,46.5426489005,4.2,17.0888186937,33.3,3.071,5.1021368728,8.3663138518,9.3582887701,18.0813415365,31.0650887574,21.6969074067,9.0388899444,5.2886354008
104,SAN JOSE,PURISCAL,90.99,89.77,90.23,86.09,84.83,58.46,76.55,65.58,85.93,85.43,84.22,48.45,89.27,71.35,76.01,78.88,10.3896103896,1.212,33.608738272,0,84.5,94.4,2.2,0.2635884385,99.7,8.6994345368,2.77,11.08,3.3,92.2265122265,81.9414483821,16.3,0.9636044177,66.5598809177,44.6979257677,40.4006083552,79.9233333333,82.038,8.31,4,2.7687792452,235.9,54.8,3,2968,2,41.59,28.5384935183,81.4856442219,299.9636407708,2.3,14.9655827202,97.7,5.454,8.805476865,6.5196998124,8.3412322275,27.0457697642,17.2413793103,20.6620351451,8.5127121899,7.4232275184
105,SAN JOSE,TARRAZU,91.50,96.41,88.02,65.44,77.76,55.22,77.40,71.50,70.18,81.29,79.15,37.76,85.34,70.47,67.09,74.30,0,3.071,22.4630763183,0,94.5,98.1,2.5,0.2961156593,99.3,64.1175099091,11.25,11.25,3.5,90.1408450704,68.9655172414,25.1,1.1405121471,67.7595628415,41.4423530999,36.8751264926,72.7633333333,76.756,11.25,3,0,129.33,55.8,3,1066,1,0,34.5522778844,74.2254449572,122.8501228501,2.9,20.3230148048,81,8.6,4.3593130779,10.5723905724,33.0128205128,25.3164556962,11.1111111111,12.5101323966,7.4311911171,3.440599069
106,SAN JOSE,ASERRI,86.78,96.17,80.56,66.06,81.69,64.82,71.93,53.97,68.98,76.89,79.69,43.19,82.39,68.10,67.19,72.56,10.6257378985,1.9,56.9990025175,0,94.2,97.9,4.4,0.6020957564,99.85,94.6888181114,7.88,9.46,2,91.3130805925,72.3158666178,24.1,1.0850705684,71.4352509912,47.6845963941,43.7009052143,93.62,77.794,15.77,7,4.7299214833,145.38,36.9,3,240,3,0,30.9020113588,69.9255583127,93.2771367374,4.2,20.8238144687,58.6,2.246,8.748085758,10.6247004314,15.0357995227,19.4024604569,32.380952381,15.9515604524,8.2076741388,4.2642328121
107,SAN JOSE,MORA,94.65,97.90,89.35,79.86,88.76,65.51,76.40,57.85,80.58,85.28,85.12,53.36,90.44,72.13,76.09,79.55,5.1546391753,1.902,17.5106815157,0,99.5,96.5,3,0.2428307123,100,28.8277899895,6.94,10.41,2,93.9835338822,81.3253012048,17.4,1.1466222357,72.6211849192,50.9915129754,48.000652848,88.1466666667,81.677,10.41,4,0,217.82,49.6,3,19064,2,49.08,27.9833246483,76.342842457,155.9291093025,3.2,15.2897854627,100,5.705,7.3712554695,7.009694258,7.4151074151,12.3482849604,33.3333333333,25.3964995124,9.2311007026,5.2921495022
108,SAN JOSE,GOICOECHEA,79.61,97.12,81.54,59.89,84.79,75.44,72.45,54.08,72.53,84.31,83.71,56.80,79.54,71.69,74.34,75.19,8.7336244541,2.433,103.2107339163,0,96,98.1,4.3,0.5769119267,100,195.6206221998,17.42,8.71,1,92.5195665262,78.1534182091,20.4,1.1219180319,79.0051902308,61.759087563,58.9943811325,99.6966666667,79.587,16.63,5,2.3752969121,205.47,39.7,2,4270,2,51.1,29.2835885566,66.6359163592,48.6601091377,4,16.5898444819,95.3,9.211,3.743542566,7.3868391023,7.5284090909,18.5367210682,44.8275862069,28.6288135006,9.7046173438,4.2845029213
109,SAN JOSE,SANTA ANA,90.40,97.62,85.83,70.98,86.13,76.80,77.29,53.39,75.36,86.27,86.31,64.68,86.21,73.40,78.15,79.25,14.0127388535,1.018,31.6638417553,0,98.9,96.5,3.8,0.3415991903,99.92,84.6039594653,7.41,12.97,1.3,93.2974065342,78.7669480686,18.6,1.1603361888,81.2452061099,65.2144375534,63.5335627096,95.41,79.451,7.41,7,0,174.85,54.5,3,38288,2,58.51,26.7646016559,68.5563751317,44.7855383425,2.6,14.7996653342,96.3,13.436,4.8619695097,6.6878306878,7.2933549433,10.3808639108,35.7142857143,37.2452468883,10.3646766169,4.3172404725
110,SAN JOSE,ALAJUELITA,93.17,98.54,46.21,54.30,72.20,66.58,74.42,52.54,68.53,79.67,76.21,41.38,73.06,66.43,66.45,68.65,12.2448979592,1.933,14.1589579007,0,97.8,99.2,8.4,2.3953837948,100,184.640800758,20.02,7.07,1.4,89.8603901915,74.0681576145,26.5,1.0876132931,74.3718451256,49.6926200615,45.6572008686,93.87,77.04,14.13,4,0,156.27,33.5,2,966,2,49.41,34.8509359834,64.4110528439,43.8127391982,4.8,21.6197004316,86.7,0.387,9.0200965883,13.531239213,13.8576779026,26.5181781862,37.4015748031,13.8507040682,8.1612527458,3.35015933
111,SAN JOSE,VASQUEZ DE CORONADO,82.28,91.84,88.57,68.31,83.73,76.58,72.16,62.59,76.60,81.27,88.13,59.25,82.75,73.76,76.31,77.61,11.1482720178,0.827,88.0629194376,0,88.7,94.6,2.5,0.3854625551,100,92.8390171443,9.04,6.03,0.9,94.309997119,80.9912752924,18.4,1.1088015589,80.5738384712,64.5056554499,61.5747031109,97.6133333333,78.88,9.04,7,7.5318219477,167.21,47.2,3,2149,2,47.7,26.1127775653,72.5502768872,51.2515292795,2,13.1847348869,53.3,10.25,3.8727301944,6.2295081967,4.6283309958,7.8571428571,34.2857142857,31.0758198975,9.9336096278,4.4220147871
112,SAN JOSE,ACOSTA,93.88,97.29,86.46,96.33,84.77,50.58,77.38,68.82,82.86,76.96,82.74,40.90,93.49,70.39,70.87,78.25,3.7313432836,2.474,22.7665968491,0,99.9,95,2.7,0.2486107049,98.62,24.6475401755,0,5.61,4.4,93.4902537698,80.5608365019,17.4,1.0182460271,63.1108747673,38.1015687317,33.2358415315,66,79.785,13.58,1,0,167.08,49.3,3,709,1,0,30.2874413221,87.2253449157,282.0525508437,2.6,16.6440085453,40.6,2.474,11.7699115044,8.275862069,10.7142857143,15.3526970954,23.5294117647,11.8573510026,7.6114473684,11.0821590003
113,SAN JOSE,TIBAS,94.04,99.23,74.55,41.26,75.81,74.93,57.23,51.47,71.51,83.75,85.73,62.54,77.27,64.86,75.88,72.67,6.7567567568,2.313,17.0227253383,0,99.5,99,3.6,1.1982248521,100,289.149873895,30.34,15.97,1,93.8300692092,78.4238551651,19.4,1.1192817014,80.0404818325,62.9114007372,60.2159031069,94.6,79.959,25.26,2,12.6283886176,267.58,42.7,1,2329,2,46.76,28.3381346777,64.5772442589,49.3507294655,2.8,15.7604017217,81.7,12.029,3.8105771164,5.6299905265,4.6231155779,23.1956489784,35.7429718876,34.6990298982,10.1882519462,4.6109794629
114,SAN JOSE,MORAVIA,96.16,99.02,91.39,70.45,90.37,79.27,73.51,61.07,76.90,86.95,90.53,68.16,89.26,76.05,80.63,81.98,1.6806722689,0.878,17.8571428571,0,99.5,98.6,2.6,0.1660761736,100,158.4219133279,5.54,12.93,0.8,94.6212603437,79.3711829903,18.1,1.1494538232,82.7344188658,68.8545760809,66.5581134194,97.1966666667,81.276,9.58,5,6.3879395701,204.58,46.4,3,5595,2,53.42,25.3275727743,71.1449567382,50.9495950386,2.8,12.3165490959,94.3,13.352,3.2590983161,5.3565450285,7.2847682119,8.2319721981,16.1290322581,40.0045792788,10.80728227,4.4787572525
115,SAN JOSE,MONTES DE OCA,94.33,90.41,93.71,20.16,74.78,82.42,69.42,57.34,71.07,87.98,91.92,79.45,74.65,70.99,82.61,76.08,12.5223613596,1.628,7.5294117647,0,86.9,93.5,2,0.1040525739,100,458.2035090058,82.84,66.27,0.5,95.2215032354,80.8650065531,15.5,1.1865378316,84.5037252719,74.3191744455,72.9682281408,96.57,82.127,18.48,3,3.695628072,272.74,49.2,2,6696,2,51.16,24.7824724626,59.9855325818,36.636000977,1.6,9.8595213319,75.3,28.291,2.0731707317,3.5720895799,3.0303030303,8.7910275441,23.8095238095,51.9876237624,11.8287405956,4.3654192001
116,SAN JOSE,TURRUBARES,90.14,86.91,76.86,71.39,81.37,47.78,80.78,70.44,77.92,73.29,80.85,38.62,81.32,70.09,67.67,73.03,0,3.628,0,0,76.7,95.9,3.5,0.4631578947,96.8,0,13.18,13.18,5,91.9571045576,76.4272559853,26,1.0048543689,65.8934539021,30.155297818,26.8527619422,66,81.546,16.57,1,0,107.68,55.8,4,17524,1,0,31.2457142857,73.5556879095,362,5.5,20.0587803086,30.3,3.628,12.2480620155,5.9011164274,8.4507042254,27.4590163934,36.3636363636,11.216147164,7.192346425,10.3793984667
117,SAN JOSE,DOTA,90.45,98.16,69.00,91.49,89.72,55.20,62.57,80.68,78.01,80.69,74.81,45.24,87.28,72.04,69.69,76.34,23.4375,1.439,13.2082948091,0,99.6,96.9,2.7,0.2202643172,91.66,67.6498444054,1.4,0,2.7,91.6313559322,72.8104575163,23.3,1.3193277311,68.875,44.921875,39.484375,66,78.889,39.54,1,0,205.59,76.3,3,966,1,50.67,31.0995570961,74.3852459016,143.9263097294,3.3,17.2358591249,69,7.196,4.5643153527,9.9644128114,36.7768595041,31.5352697095,33.3333333333,15.6262918561,7.8767951625,13.734375
118,SAN JOSE,CURRIDABAT,91.71,92.97,78.42,62.81,78.83,77.30,77.28,53.57,73.44,85.56,85.69,68.17,81.48,71.75,78.21,77.15,8.0971659919,1.84,30.9214594929,0,88.5,96.9,4.3,0.8000387898,100,260.615653313,7.5,3.41,1,93.3617958959,77.9104477612,19.2,1.1569365214,82.0462909953,65.7593849677,63.6149505193,95.9433333333,80.152,12.56,2,2.7916585243,174.05,52,1,7885,2,48.41,26.5679706073,67.7582784916,26.0712204398,2.7,15.100983258,95,10.582,3.6736272235,7.3194694613,8.0669710807,18.7871077184,28.323699422,40.88624577,10.6700333083,4.4753414574
119,SAN JOSE,PEREZ ZELEDON,96.00,88.00,85.97,61.23,83.72,61.42,76.30,63.27,76.63,80.33,78.41,41.84,82.80,71.18,69.30,74.43,6.52938222,1.858,6.8015643598,0,79.6,95.4,3.4,0.3604531411,99.7,144.3301930147,0,91,2.8,90.7496667009,75.477994855,22.9,1.0757196496,70.0674590948,40.6351857558,36.9938540873,94.73,79.055,5.45,17,0.681472799,168.53,47.7,3,767,2,51.34,34.4752531466,74.2105536512,151.6345310479,2.4,19.5254048018,71.3,6.764,8.248510895,10.2597671054,26.0964912281,17.7891875566,29.1925465839,16.1403812637,7.8824240062,3.7021421506
120,SAN JOSE,LEON CORTES CASTRO,87.32,97.37,92.77,98.70,82.30,49.20,82.58,67.77,76.40,76.62,76.11,38.23,94.04,70.46,66.84,77.12,21.978021978,0.82,37.5855070285,0,97.1,97.6,2.6,0.0671591672,100,40.0994466276,0,0.22,3.4,87.896944278,71.1225997046,18.8,1.1652542373,62.732259777,35.8078216245,30.2158909927,66,80.199,7.51,0,0,136.74,57.4,2,644,1,0,32.5088743845,79.5084394433,221.3114754098,3.1,21.9714285714,56.7,2.459,8.2407407407,9.3617021277,35.1449275362,44.7105788423,0,9.8270623978,7.2062582636,11.4758449832
201,ALAJUELA,ALAJUELA,92.96,96.54,82.78,60.33,86.99,68.52,71.47,34.89,70.89,84.55,84.77,50.68,83.15,65.47,72.72,73.78,6.8779169737,1.491,0,2.3,95,97.9,4.3,0.4880058715,100,182.8074307969,7.5,18.22,1.8,92.4412059044,75.3460531238,21.8,1.0428674664,74.4329002857,52.4847809822,48.8857808461,95.6333333333,78.432,11.08,8.93,4.6446818393,189.69,38.5,2,16425,5,46,30.9126060919,65.4648692924,58.0651742348,3.8,17.3781960523,100,8.357,4.9744897959,7.6138709813,11.3102859582,17.0969430907,27.1573604061,23.3226031439,8.9209846117,4.757856074
202,ALAJUELA,SAN RAMON,91.42,97.63,86.61,70.56,87.29,64.60,75.54,58.12,80.35,84.22,84.52,49.00,86.56,71.39,74.52,77.49,3.3167495854,1.862,41.0130216344,0,98.8,96.6,3.4,0.3126163007,99.69,82.2025518531,6.8,13.61,2.5,92.7877286585,77.2846638655,21.6,1.0653588424,71.8119004495,47.5145904609,43.5285436372,92.7433333333,81.615,11.34,4.54,5.6706058475,173.41,40.7,3,7053,2,54.95,26.8500180826,73.717866186,151.4286423553,3.4,16.5456685961,89.7,12.04,5.187416332,7.5143815916,11.0260336907,22.777879175,21.7391304348,22.8566012374,8.6930330349,3.387670222
203,ALAJUELA,GRECIA,93.00,95.23,85.05,74.80,85.58,64.81,75.41,49.01,80.86,85.02,85.53,47.14,87.02,68.70,74.64,76.79,8.785942492,1.561,22.6689733341,0,93.9,96.4,3.2,0.5161455445,100,48.4913139934,7.12,7.12,2.5,93.4173947577,76.7190704033,21.9,1.0247756933,71.3237361525,46.7665748186,42.0246864983,96.0533333333,80.99,9.49,8.3,2.3725636737,209.51,41.8,2,7561,3,65.3,26.1021324559,73.6284490304,117.0381544383,3,17.3814302313,100,9.623,4.645934807,8.7550409783,9.4036697248,21.4907192575,13.7096774194,21.6057311359,8.4333750127,3.1617274925
204,ALAJUELA,SAN MATEO,79.41,96.63,88.09,91.49,91.75,54.51,74.01,50.56,78.16,81.94,84.28,45.63,88.90,67.71,72.50,76.37,57.6923076923,1.63,0,0,94.5,98.5,3.2,0.2031694433,99.48,46.3678516229,0,0,2.3,87.5481386393,73.2743362832,18.8,1.0495049505,66.380819041,35.194259713,32.1491074554,81.5066666667,83.679,14.85,0,0,256.94,34.7,2,22444,1,28.04,30.4648862512,76.2813522356,195.5671447197,3.8,23.1101511879,100,6.519,7.6670317634,7.6056338028,3.125,29.7213622291,20,15.082552432,8.0370689655,14.01820091
205,ALAJUELA,ATENAS,82.15,97.17,91.22,95.32,92.43,65.59,73.22,45.60,82.15,83.08,88.11,51.90,91.47,69.21,76.31,79.00,0,1.571,0,31.6,99.3,95.3,2.3,0.2301231159,100,37.8501135503,0,7.15,2,93.6946148603,78.6270022883,17.9,1.0340030912,72.1589715582,49.1198588413,45.431248162,92.9466666667,81.225,3.57,7.15,0,280.58,51.3,2,43712,2,42.5,24.6578238123,76.9138115632,172.8201099764,2,15.3792744315,80,5.106,3.9469893402,7.0981210856,3.825136612,18.0984555985,17.3913043478,25.6379418532,8.9526024144,3.8818636306
206,ALAJUELA,NARANJO,80.03,96.86,87.52,84.94,81.09,63.37,69.92,54.30,80.17,80.19,82.51,43.66,87.33,67.17,71.63,75.38,15.0250417362,1.171,0,32.2,95.1,98.4,3.5,0.2876914703,100,15.9828298742,2.14,12.83,2.6,94.64505901,79.3437733035,22.3,1.0378890392,69.0877823019,43.4511013884,38.7673554033,98.7733333333,81.364,10.69,14.97,6.416975038,194.43,51.4,1,4988,2,53.19,26.7545326821,76.622709368,98.3307189849,2.7,17.4697097774,59.3,11.706,4.9225546361,7.4055788694,15.953307393,24.6206896552,28.2051282051,18.2823046073,8.1431737854,2.3519890746
207,ALAJUELA,PALMARES,93.76,98.51,93.05,89.90,81.08,66.84,56.22,46.88,87.01,85.82,86.80,50.99,93.81,62.75,77.66,78.07,6.7873303167,0.864,23.943174865,0,99.1,98,2.2,0.1168679392,100,24.7395475412,2.63,5.25,1.8,94.9600193845,82.4144486692,20.5,1.0383173678,71.85077669,51.7124239523,47.9293412804,93.29,79.841,10.51,13.13,18.3842840635,239.27,34.2,1,19255,1,81.23,22.7849034351,78.7615201408,129.6232284825,2.3,14.4672763986,100,4.609,4.7630388188,6.102003643,11.8942731278,18.0473372781,16.6666666667,25.0913046857,8.9233266013,2.6558784472
208,ALAJUELA,POAS,85.25,97.30,80.01,98.70,83.58,62.63,75.81,50.50,77.33,82.01,82.17,43.19,90.32,68.13,71.17,76.54,9.5693779904,1.429,0,21.6,98.2,96.5,4.1,0.7211818076,100,23.5745798673,0,0,2.6,93.7659033079,72.1854304636,24.9,1.0679963735,70.3118023515,44.5750855782,39.7120107159,92.92,80.134,6.25,3.12,6.2482426817,189.01,33.7,1,8012,1,33.72,24.1251835722,73.3746521629,85.6193705264,3.1,19.4085797584,86.7,6.272,5.3988157436,9.5819459859,13.8686131387,24.1238051889,23.0769230769,17.5257236273,8.0549964055,3.2482512279
209,ALAJUELA,OROTINA,85.47,92.59,74.14,60.50,82.13,61.38,72.15,34.64,72.61,76.27,81.41,48.37,78.18,62.57,69.66,70.14,3.1446540881,0.492,0,27.5,91.1,93.9,5.2,0.9508285792,100,125.3737100974,8.98,17.95,3.3,92.343470483,75.4404698345,21.5,1.1041412911,73.501391565,40.8959537572,38.8193106401,89.4133333333,80.351,13.47,4.49,4.4887332795,217.25,24.9,2,56730,1,38.5,36.2283933126,70.5013280212,152.4015535126,4.6,21.0405827263,50.3,7.374,9.383624655,8.9637079143,8.2644628099,23.1267345051,31.4285714286,17.2628951747,8.1892414861,16.1742667523
210,ALAJUELA,SAN CARLOS,96.72,98.44,74.68,68.86,81.70,59.39,72.95,51.91,72.99,82.32,78.44,40.50,84.68,66.49,68.56,73.24,4.2105263158,1.038,2.7690245834,2.9,99.4,97.6,6.5,0.6375227687,99.73,88.3602774048,6.7,16.2,4.3,91.0414560162,73.5767734211,27.9,1.0893568921,68.6660813184,40.7760367419,37.3902471971,87.85,80.173,6.14,3.91,12.8473676861,131.2,45.2,2,3378,3,58.12,29.6769769298,64.1684828537,87.9416165379,5,21.4332006296,100,7.634,8.2976772616,11.4038785835,17.2278338945,30.4604894049,21.0682492582,14.0746860842,7.6648714059,5.7888693773
211,ALAJUELA,ZARCERO,90.91,97.83,87.99,90.20,89.76,64.41,82.69,67.64,84.36,81.30,85.51,43.94,91.73,76.13,73.78,80.55,9.3023255814,0.819,37.4784498913,0,99.8,96.1,3.2,0.305725403,100,0,0,14.97,2.3,92.091503268,76.7204757859,20.6,1.1654135338,71.5420310548,46.2163126896,41.5134749241,95.33,82.898,0,0,0,212.52,67.6,2,13889,1,50.15,17.3733804476,73.2373237324,163.8672675133,2.6,14.4485520641,66.7,3.277,3.1836734694,7.2354211663,16.25,26.5,7.1428571429,17.3267891793,8.3995661605,2.0078529359
212,ALAJUELA,VALVERDE VEGA,93.34,85.59,90.27,96.69,76.81,53.79,75.88,58.87,71.31,79.50,83.25,44.74,91.47,66.34,69.70,75.84,9.3023255814,1.106,0,0,90.7,81.1,3.2,0.14232343,100,5.0160513644,0,5.06,3,91.8505942275,76.4209341587,21.7,1.1089560753,66.2380382775,42.9126794258,38.4509569378,66,80.75,10.11,10.11,0,153.72,41.3,3,5589,2,0,29.6425966448,72.8333992877,105.0594415261,3.3,19.2366412214,66.7,6.635,5.2413077322,8.8452088452,13.986013986,19.2280200143,25,16.8278529981,7.9968948483,9.1686602871
213,ALAJUELA,UPALA,94.19,72.72,66.64,64.59,72.35,43.62,82.26,54.42,74.06,76.74,71.48,33.48,74.54,63.16,63.94,67.21,7.6169749728,0.455,0,0,74.9,70.8,10.4,0.3160033105,98.52,50.6788859092,14.63,12.54,5.9,90.9488054608,75.3885536661,30.2,1.0631843066,53.9322178461,25.0257130673,21.7770865213,70.9633333333,79.535,0,10.45,0,103.26,37.8,2,872,2,50.84,41.2082774322,74.5615558257,168.3616590449,5.3,22.5364963504,66.7,1.82,22.4735677403,14.2106155672,17.7725118483,35.2051835853,13.9534883721,9.199003204,6.8211985806,3.7779394426
214,ALAJUELA,LOS CHILES,93.99,92.63,37.81,64.83,66.30,48.31,81.64,54.50,68.14,68.35,60.97,30.74,72.31,62.69,57.05,64.02,11.0236220472,0.843,15.1085930123,0,95.5,90.1,14.2,1.6722408027,98.25,32.9658254276,11.6,23.2,8.9,84.2092397947,65.0227352221,38.4,1.0137389598,54.0916950974,22.6947702949,20.2364817498,92.1633333333,79.72,3.87,7.73,0,103.24,39.8,1,3993,1,19.97,39.6958974849,68.1690140845,164.3143037708,7.9,29.0730130748,30.3,1.264,26.5625,20.1489611917,29.7658862876,47.7436132783,19.2,7.568715974,6.2668016707,4.8651680142
215,ALAJUELA,GUATUSO,95.35,98.39,69.80,96.13,72.33,53.73,78.09,60.56,71.18,65.74,70.31,32.98,89.92,66.18,60.05,72.05,9.2024539877,1.934,5.8654466538,0,98.6,98.2,7.2,0.6052581804,98.31,29.4985250737,0,5.91,5.8,87.4690849134,63.1764705882,30.8,1.0765765766,64.5585829124,27.3458063598,24.5998434943,94.4666666667,83.899,17.72,0,0,164.17,40.4,2,339,1,0,35.719326545,71.286005897,232.1382512252,6.2,28.0439121756,0,2.579,17.697228145,14.0130587644,28.3018867925,31.7142857143,25,7.9883381924,6.6783873343,5.9258732304
301,CARTAGO,CARTAGO,88.83,98.30,83.03,74.07,88.00,69.72,80.37,53.99,81.26,85.37,82.21,52.95,86.06,73.02,75.45,78.18,8.7804878049,0.763,51.5899654409,0,98.3,98.3,2.9,0.7122022363,100,218.7462938316,4.93,7.4,1.6,94.0398432397,78.0634168025,22.8,1.0775716695,74.8013563071,54.5076838,50.5137085977,96.47,79.891,5.55,3.7,1.2333421723,186.18,38.7,3,2446,3,55.14,23.3582753849,77.8963177793,49.3583415597,2.7,15.6824182337,100,6.107,5.1341291233,8.0128720837,10.9375,29.3960448958,29.0540540541,25.4059982672,9.1378670525,5.145817568
302,CARTAGO,PARAISO,84.82,98.38,86.03,69.69,85.76,65.60,78.17,60.29,79.93,79.65,81.15,41.74,84.73,72.46,70.62,75.94,9.7932535365,0.866,74.4696021422,0,98.7,98.1,4,0.3075571178,100,48.2509047045,11.08,4.75,2,93.0474498858,74.1947029349,25.8,1.0284090909,72.9625808872,45.8932758136,42.4064522179,97.9833333333,81.318,11.08,6.33,0,164.54,32.3,4,3450,2,35.86,25.1651162791,80.9038698209,55.4179727413,3.7,20.2881232158,76.7,2.598,4.5817490494,11.2364425163,12.5874125874,22.6647356988,29.6296296296,16.4194012034,7.8781947444,3.0329175654
303,CARTAGO,LA UNION,96.62,96.64,81.82,60.84,90.01,73.60,79.10,49.12,76.23,83.98,83.29,55.57,83.98,72.96,74.77,77.24,4.6153846154,1.811,6.4811214192,0,95.9,97.3,4.7,0.4873633642,100,265.8234102475,9.17,6.42,1.4,93.6702004179,78.2628676471,22.7,1.0726107052,78.5545283267,59.4882355519,56.5098803838,97.5166666667,81.993,8.25,11.92,0.9169937278,167.81,37.7,2,2085,3,51.59,28.2646141432,73.709181215,38.2297608628,4.1,16.3236729325,100,1.71,5.5447803765,9.3391589295,4.972875226,19.7120474275,36.0544217687,27.5848560316,9.4599420849,5.2501862157
304,CARTAGO,JIMENEZ,92.10,91.25,89.97,95.92,82.17,52.36,78.82,80.94,72.95,80.58,86.96,37.32,92.31,73.57,69.45,78.45,16.8436200971,2.9411666667,58.4190394964,0,89.6,92.7,2,0.2507836991,99.34,38.1776533469,0,6.23,3.4,92.8721174004,79.9857040743,19.2,1.0115081769,64.1373743304,34.2408453805,30.1386952374,78.18,78.075,6.23,0,6.2285892245,127.07,66.8,4,630,1,0,28.4135125575,75.1762703623,102.2564591997,3.4,19.2582417582,81.7,0.682,8.0373831776,7,5.75,14.4970414201,16.6666666667,12.9533678756,7.3776186213,2.0987744918
305,CARTAGO,TURRIALBA,92.41,98.62,86.16,74.31,83.93,59.76,68.75,67.75,77.17,75.89,79.58,43.02,87.88,70.05,68.91,75.61,13.4340890008,2.586,14.4672120367,0,98.3,98.9,3.4,0.2110704286,98.96,88.116644408,7.87,7.87,3.9,92.1724709784,79.0198328143,23.3,1.0408391261,66.7461207702,40.1025113728,36.838661432,92.2066666667,80.969,19.68,5.25,6.5607327026,197.88,36.1,4,592,1,45.28,32.9820324221,77.7734317704,106.2974028959,4.7,18.5626208897,30,16.519,7.7655854335,7.1631468445,44.7261879395,9.4540612517,16,18.0140912348,7.9368127786,3.2093226148
306,CARTAGO,ALVARADO,92.76,97.98,89.36,69.97,88.82,54.92,80.90,67.80,79.77,79.24,79.77,36.49,87.52,73.11,68.82,76.48,10.4712041885,2.096,19.2406362237,0,97.5,98.4,3.1,0.2252252252,100,20.9760872605,6.38,25.52,2.8,92.1568627451,64.5369705671,27.6,1.1518375242,67.6013641531,34.6570670709,30.4054566124,83.9866666667,82.786,12.76,6.38,0,123.15,58.3,2,1684,1,46.1,28.9434837621,82.6411960133,41.922861934,1.8,21.1159737418,67.3,5.59,5.702364395,12.1794871795,10.9589041096,16.0804020101,44.4444444444,9.7882816347,7.2277633048,6.6464569913
307,CARTAGO,OREAMUNO,96.20,96.87,87.86,83.50,85.56,67.12,75.59,55.00,78.96,82.26,81.33,46.70,91.11,70.82,72.31,78.08,4.6012269939,1.539,10.0946881751,0,95.7,97.9,4,0.1763372239,100,47.6851049072,2.01,4.02,2.3,93.6821642637,75.7030371204,24.2,1.039582188,72.7658256498,48.3310699736,44.2451099516,100,81.811,14.06,10.04,0,168.69,40.8,1,3763,1,36.49,26.1293126705,81.1876780627,28.5883931124,3,15.7867269723,80.7,2.419,5.7678442682,10.3965702036,13.6554621849,9.1338582677,45.4545454545,20.3485852269,8.448625673,3.9096562076
308,CARTAGO,EL GUARCO,95.10,98.86,86.15,76.14,92.22,59.78,77.68,62.61,79.25,81.84,84.60,48.25,89.06,73.07,73.48,78.54,7.9491255962,0.957,13.1527028804,0,99.5,98.3,2.5,0.5587538097,100,87.1121156472,4.36,15.26,1.6,94.8968891996,78.2980866062,21.4,1.0422592442,73.421066266,51.6657168022,46.9276203306,66,78.688,6.54,6.54,4.3609088134,140.2,35.1,3,1021,1,39.85,23.829028209,76.9550364694,62.2113751107,2.1,16.634762634,77.7,2.153,4.2594654788,9.0881823635,8.1081081081,13.4168157424,33.8235294118,21.4956416383,8.6027896858,4.5567587172
401,HEREDIA,HEREDIA,97.96,99.36,77.95,59.74,93.60,77.09,75.72,55.72,76.41,87.63,86.10,64.79,83.75,75.53,78.73,79.34,5,0.89,0.7424952295,0,99.2,99.5,3.9,0.8990633638,99.98,304.1712694288,9.57,8.1,0.9,93.3209901941,81.2754544552,19.3,1.1063675832,80.0143862447,65.5180781364,62.8236905051,97.9966666667,79.14,13.25,1.47,2.2090009425,194.47,45.4,3,5806,3,64.8,26.9580573951,69.8631303953,38.0209681595,3.4,13.1253043902,100,17.231,2.9442613126,6.397149938,8.5823754789,16.456430332,33.9943342776,36.5976882722,10.4357329211,4.9441883038
402,HEREDIA,BARVA,92.60,99.36,92.70,84.66,88.26,73.04,68.62,57.23,77.24,83.73,84.00,62.24,92.33,71.79,76.80,80.31,11.2781954887,1.23,0,0,100,98.8,2.4,0.1067586433,100,68.1497347028,4.47,2.24,1.1,91.1374598071,78.5795454545,18.6,1.0472222222,77.4133206871,61.6687743703,58.3912951839,92.7233333333,80.108,13.42,8.95,11.1826802648,141.14,48.7,2,6364,2,44.44,24.3984312683,73.8907094146,34.4318740777,3.3,14.4452639343,89,2.213,3.0677882237,8.6513329848,8.3333333333,11.3478462251,46.6666666667,33.9091871856,10.1974771906,5.0268732216
403,HEREDIA,SANTO DOMINGO,97.02,98.24,82.63,58.17,92.09,72.67,63.30,56.93,77.22,85.67,84.22,64.41,84.02,71.25,77.88,77.72,4.0983606557,1.248,6.9213732004,0,97.5,98.9,2.9,0.7411026957,100,141.4173157647,11.34,11.34,0.9,93.6272270443,79.5498392283,16.3,1.0331819769,79.5216860434,63.3858894728,60.6837606838,85.67,81.771,18.14,6.8,9.0715290062,268.74,57.3,1,18904,1,50.21,24.303571977,71.7292971468,47.4146536235,2.8,12.6424749942,93,5.989,6.1198156682,6.3139059305,8.5399449036,19.4472876151,36.0824742268,36.4931826278,10.3794052534,4.6928916494
404,HEREDIA,SANTA BARBARA,97.99,99.29,89.51,82.92,85.99,70.52,76.29,52.44,73.78,74.72,87.55,51.26,92.43,71.31,71.83,78.52,4,0.828,2.5369120706,0,99.5,99.1,2.9,0.2489167512,100,69.6322879563,0,15.08,1.5,94.3300063708,79.4645669291,19.9,1.0390885877,76.0523575785,55.811393723,52.0481927711,95.7,80.311,10.05,7.54,2.5129416495,182.44,43.8,1,15059,1,43.05,27.7117204562,69.9119422183,41.3873023756,2.8,14.6635730858,18,1.655,3.4847186518,6.4164995703,14.9377593361,12.7868852459,14.8148148148,23.2102229637,9.0396628656,5.2625316079
405,HEREDIA,SAN RAFAEL,94.67,98.22,89.43,84.28,82.51,71.25,78.41,66.04,73.79,85.49,86.06,59.24,91.65,74.55,76.15,80.78,10.3857566766,1.958,7.9811644519,0,97.1,99.2,3.1,0.2201704545,100,94.0233832066,1.98,1.98,1.3,93.3881406332,79.6052631579,17.5,1.0508114667,76.3278688525,59.606557377,56.4566744731,90.68,80.62,5.94,5.94,3.9588281869,170.24,57.3,2,5592,1,52.71,28.2949108308,68.5652543027,36.984662243,2.5,14.4336882865,97.3,5.221,4.8008171604,6.5982746561,7.3267326733,13.2080610022,34.375,31.406539718,9.82221859,4.9953161593
406,HEREDIA,SAN ISIDRO,93.13,99.48,92.38,75.47,89.75,71.91,67.75,62.49,76.92,85.41,91.13,58.71,90.12,72.97,78.05,80.38,6.968641115,2.423,0,0,99.8,99.2,2.4,0.1298069122,100,67.0722943516,0,26.46,1.3,94.6661066779,81.2572087659,16.9,0.9531513313,77.4448605909,60.5441115273,56.9600499376,90.77,78.757,13.23,13.23,4.4101433297,218.3,52,2,9312,1,40.69,25.3809556643,73.4286206303,63.005864392,2.5,12.4712282904,91.7,3.877,4.5348293595,5.4818234276,7.4074074074,13.2172791747,0,31.1801563207,9.7646066739,4.5672076571
407,HEREDIA,BELEN,97.65,99.26,92.56,54.60,89.01,75.78,70.50,51.19,80.37,88.69,86.50,64.10,86.02,71.62,79.91,79.18,3.3112582781,0,4.2493519738,0,99.1,99.4,2.9,0.0304831581,100,132.2751322751,16.79,16.79,1,92.6344328965,78.0862374483,16.1,1.0187982544,78.7396155926,65.1870422258,62.6947844467,94.6733333333,77.835,16.79,4.2,0,170.48,61.9,1,41524,1,70.87,23.0800417005,73.4653135917,27.7354042435,1.5,13.4595381735,100,20.802,3.6510376633,5.8324496288,5.1162790698,7.1750717507,50,35.8248036182,10.263383533,6.1642825542
408,HEREDIA,FLORES,93.88,99.53,92.84,73.70,86.21,76.17,73.84,53.94,79.49,86.46,90.43,65.71,89.99,72.54,80.52,81.02,6.1919504644,1.497,0,0,99.9,99.2,2.4,0.0974342319,100,103.9360115685,0,18.14,0.9,94.6037099494,78.6650031192,14.9,1.0154509522,79.1787129243,65.638719349,62.8386336867,95.19,78.107,13.61,0,4.5361760036,182.81,47.4,1,15204,1,55.1,22.8408563664,73.4654842636,54.8984378899,2.3,13.5171790235,100,6.488,3.1900138696,8.5333333333,5.9322033898,11.074270557,0,36.7619680851,10.5369384977,6.0980833066
409,HEREDIA,SAN PABLO,95.63,75.06,90.46,79.68,84.88,75.67,65.59,51.09,75.90,81.30,86.12,70.58,85.21,69.31,78.47,77.66,3.0864197531,1.446,16.6633339999,0,58.3,89.8,2.6,0.2325581395,100,86.1296768415,3.28,9.85,0.9,94.2565411615,77.8990450205,18.7,1.0455373406,81.7430590416,69.2705718809,66.9343939452,83.7533333333,80.534,13.14,6.57,13.1367204177,187.86,45.8,1,7350,2,42.59,24.9018340872,72.1583812141,32.5250262007,2.4,14.1621798009,66.7,1.807,3.438693991,8.0607082631,6.1889250814,9.2188258127,38.0952380952,42.6527896588,11.0295863152,4.2900722091
410,HEREDIA,SARAPIQUI,77.66,94.50,60.48,74.09,70.90,51.73,75.73,62.20,69.06,79.69,72.96,31.63,76.68,65.14,63.33,68.39,12.1381886088,1.05,114.3982967365,0,96.2,93,9.1,1.0090448058,98.67,32.5641979903,8.01,19.23,5.6,90.7766990291,71.4768710619,33.9,1.0588544404,62.1293381524,29.2040729082,25.766585053,86.38,80.631,17.63,4.81,3.2055391717,142.16,37.7,3,5503,1,55.69,37.5919642557,62.9058853374,111.9918805887,5.8,25.4058282809,100,2.45,16.6008880118,14.7817293106,18.5993111366,29.9869359863,22.2222222222,7.8186167899,6.6195076828,3.1848742762
501,GUANACASTE,LIBERIA,83.50,89.05,61.92,44.14,90.43,63.79,76.33,54.24,70.64,79.25,78.12,50.82,69.65,71.20,69.71,70.19,9.2735703246,1.27,82.1668997131,0,88.2,89.8,8.8,1.1196828458,99.55,300.9398583268,10.15,21.75,2.3,90.5457340507,76.7928286853,23,1.0718067505,71.3518054996,46.1553272304,43.3057359402,91.6133333333,78.187,8.7,8.7,0,173.42,28,3,16575,1,57.24,40.5406715966,70.802919708,73.030942893,5.7,20.7076748725,66.7,16.194,13.5348745307,11.4027891715,8.9668615984,27.750887383,26.0465116279,22.9129087461,9.0822457627,4.1396089689
502,GUANACASTE,NICOYA,95.76,90.78,79.38,64.17,90.66,55.05,74.78,54.69,81.60,72.68,81.69,47.52,82.52,68.79,70.87,74.06,7.96812749,2.951,1.8065215428,0,89.4,92,5.2,0.4035776614,99.06,72.0250725117,7.19,23.37,2.7,91.502159161,77.3226988575,21.2,1.0163960025,58.5726774558,33.9282287469,31.0027932365,93.1933333333,79.309,7.19,12.58,0,203.85,43.9,3,21125,2,47.76,32.0939947781,80.7155206809,190.8509591736,4.7,23.175198024,26.7,9.838,11.3744075829,8.0631399317,10.1711734061,19.881305638,28.9473684211,18.8179514428,8.6028966492,7.0427940894
503,GUANACASTE,SANTA CRUZ,83.21,90.67,77.49,69.72,87.18,56.66,72.45,60.76,72.36,76.44,80.65,52.37,80.27,69.26,70.45,73.33,6.5359477124,2.359,84.8839918778,0,88.6,92.5,6,0.5191377035,99.71,60.2337067823,9.93,14.89,1.9,86.8432355047,70.4888352444,18,1.0178318709,65.5312086305,39.7127106755,37.1954713402,81.6733333333,77.866,9.93,4.96,1.6547250674,247.2,38.1,4,23566,1,23.89,38.314125608,75.3679783719,150.6242740999,4.6,27.0708523045,66.7,11.614,9.636827015,8.9846062759,17.1782444803,17.5819497659,28.9256198347,23.1810960079,9.1036406619,7.6248246429
504,GUANACASTE,BAGACES,83.41,91.61,68.21,71.34,83.24,57.60,78.93,54.76,69.54,78.76,77.40,40.01,78.65,68.63,66.43,71.24,0,1.024,0,0,92.2,91.1,6.5,1.0874559657,99.66,52.8236650019,0,32.77,3.8,89.6387184731,73.0657640232,25.2,1.0640107431,68.6101922969,34.8208779503,32.068172899,91.5433333333,78.378,14.04,0,0,143.72,26,3,12546,1,52.2,39.0808291821,67.7827248442,81.9000819001,5.1,25.0821018062,90,2.048,13.2953957579,10.7709130672,9.0909090909,39.3099199014,19.7183098592,13.809812235,7.676533069,4.7934069631
505,GUANACASTE,CARRILLO,94.91,94.61,70.95,54.54,86.86,57.63,77.06,53.36,72.47,74.15,79.06,47.67,78.75,68.73,68.34,71.94,12.2448979592,1.488,4.9117119772,0,92.8,96.2,9,0.5087309226,99.93,57.7913207944,13.95,27.9,2.2,90.3473421608,71.9258202568,23.5,1.0312910284,63.4265568525,37.0622741008,33.6878592167,93.0066666667,77.533,7.38,6.97,0,173.32,33.9,3,26593,1,55.73,40.9513074842,74.5488610591,86.2022520338,7.5,29.2389701713,66.7,9.466,9.5316351684,11.772521924,14.0889830508,28.5330347144,18.6666666667,17.9680223533,8.593845929,8.9322746934
506,GUANACASTE,CAÑAS,69.81,93.17,74.93,55.67,84.25,60.32,69.44,51.23,71.35,77.63,78.38,42.07,73.40,66.31,67.36,69.02,2.0703933747,1.886,180.7626794591,0,90.4,95.6,7.8,0.4439934035,100,184.7164260792,5.07,35.51,3.6,91.6242975649,75.6581457459,25,1.0615084887,70.8675952341,37.2210102366,34.6786373553,95.0833333333,75.773,10.46,10.15,3.4873583261,202.97,23.3,2,6123,1,59.92,38.1290672451,69.3669827105,72.5163161711,5.9,22.0887245841,66.7,8.89,9.6574494428,10.6492478226,18.8524590164,20.9258384506,31.4285714286,16.5010271501,8.0010252204,2.4878335291
507,GUANACASTE,ABANGARES,85.28,95.04,69.10,87.24,83.60,50.59,70.68,56.89,76.33,78.12,78.88,37.93,84.17,65.44,67.82,72.47,0,1.663,71.0948608572,0,91.9,97.8,5.4,1.2030798845,99.6,37.8133102852,4.65,9.31,4.5,91.1637080868,72.9098805646,25.3,1.1112689394,64.0313820157,33.1864815932,29.9577549789,72.7633333333,78.884,10.15,13.96,0,237.41,27,3,7572,1,55.42,34.0520271854,73.6019582,127.5015244747,4.4,24.8433303491,76.7,7.207,10.9547738693,9.9721706865,14.0096618357,28.4638554217,25,12.3845908946,7.4592140518,3.8322269161
508,GUANACASTE,TILARAN,94.58,86.43,89.32,75.92,86.65,61.81,71.92,59.78,78.99,80.38,84.15,41.47,86.56,70.04,71.25,75.95,14.4927536232,1.018,4.6816479401,0,81,91.2,2.5,0.2823263693,99.73,29.4637595757,8.22,16.44,3.6,94.4486404834,79.1129448169,22.9,1.0643879173,70.091449978,43.3285588365,40.2930806523,90.68,77.932,4.65,16.44,4.6537602383,177.31,42.2,2,4896,1,63.4,29.656099632,70.7876370887,168.0244399185,3.1,17.7836761778,66.7,8.147,4.4588414634,8.1057268722,15.4411764706,17.3561151079,23.8095238095,15.9460815946,7.8718051653,3.1511679154
509,GUANACASTE,NANDAYURE,68.10,78.63,84.85,77.13,88.39,54.14,74.38,58.28,83.96,77.96,79.17,40.19,77.18,68.80,70.32,72.10,6.4935064935,2.698,298.2107355865,0,84.8,73.2,3.7,0.4109589041,99.82,88.5112409276,0,23.93,3.8,89.9725274725,80.4096170971,22.8,1.0260416667,63.0769230769,32.0642648491,29.1041869523,88.9333333333,79.473,24.66,0,0,153.7,47.6,3,29437,1,51.93,29.2267201404,78.4699123072,251.7759194317,4.2,22.6060833646,66.7,8.093,11.6983791402,8.8215931534,11.3513513514,26.5363128492,33.3333333333,11.9293820933,7.4345309863,10.9055501461
510,GUANACASTE,LA CRUZ,83.39,85.21,52.12,49.00,73.52,50.29,65.86,61.23,70.94,72.76,67.75,33.50,67.43,62.73,61.24,63.80,9.4562647754,0.521,0,0,78.4,91.2,10.7,0.7876834945,95.71,39.7456279809,76.1,91,6.2,87.6913464542,71.2035010941,29.9,1.0527009223,56.4459930314,28.6178861789,25.4703832753,87.1433333333,80.905,9.57,38.05,4.7853758913,143.09,23.7,4,4045,1,44.95,43.1587682095,74.0701606086,119.9103279287,8.3,26.8135206988,55.3,4.692,22.4516129032,15.0166852058,18.1818181818,38.9461626575,34.0425531915,9.7794901221,6.9065392655,1.9860627178
511,GUANACASTE,HOJANCHA,90.23,94.11,86.97,91.49,85.20,57.54,90.51,67.59,82.43,77.32,82.40,44.77,90.70,75.21,71.73,79.21,0,0,38.3190701239,0,94,94.2,3,0.36,99.71,0,0,29.687,3.5,88.5172798216,83.7570621469,19.9,1.0035273369,60.5034462092,37.7284986515,33.2783937669,95.1333333333,84.003,0,0,0,133.18,54.7,3,11128,1,32.8,27.3555677055,82.5936883629,166.7361400584,2.4,15.7629960872,36.7,5.558,8.5405405405,6.5265486726,13.4391534392,20,33.3333333333,15.9861989649,7.9003676471,11.6272100689
601,PUNTARENAS,PUNTARENAS,96.22,96.19,66.77,44.87,83.20,54.50,68.86,53.59,71.84,78.44,80.31,42.24,76.01,65.04,68.21,69.75,9.2402464066,1.826,0.7951717173,0,94.7,97.5,7.9,0.8803132277,99.29,259.5176888236,15.09,20.64,2.9,91.8504604944,75.1159885796,25.2,1.0642103858,63.5712042034,37.7623575773,34.4298809218,79.6766666667,77.554,15.88,4.76,4.7641355873,209.78,29.2,3,5809,2,50,39.6668287938,72.1650415312,106.9388535807,5.7,22.5405503918,69,13.563,12.2155485999,9.7092123483,8.6666666667,24.0675804909,26.2711864407,14.2503829061,8.0724867972,5.919643622
602,PUNTARENAS,ESPARZA,85.89,76.62,74.51,64.84,82.84,63.10,79.40,52.71,76.38,79.08,80.89,47.68,75.47,69.51,71.01,72.00,11.8203309693,2.444,0,0,71.3,81.3,4.6,0.9197651663,99.41,51.3192054579,6.38,22.34,2.4,93.3245729304,75.7932263815,20.4,1.0383833823,73.2601428354,46.1024160462,42.7480626045,87.75,79.506,3.19,9.57,0,148.72,29.4,3,22833,1,55.04,31.3510364581,72.0924718435,111.7162407485,4,19.615495808,66.7,6.633,8.7234042553,8.9012925969,15.2985074627,24.1100323625,24.4680851064,20.4320743524,8.8043083076,2.7009573013
603,PUNTARENAS,BUENOS AIRES,79.32,96.87,54.70,81.36,85.57,48.07,82.08,64.21,70.35,78.20,66.38,32.79,78.06,69.98,61.93,69.99,10.101010101,0.884,108.2272772823,0,94.9,98.6,9.2,0.7908371966,95.32,27.4702053926,8.12,8.12,4.7,87.6359039191,70.3203110535,30.8,1.0173482032,58.4455805722,26.0987120244,22.6698456396,81.7233333333,80.309,4.06,8.12,0,115.1,38.5,3,628,1,50.87,43.3249958312,72.0852109791,112.7221289011,5.5,25.2609108159,86,3.315,24.8883928571,14.544688027,27.9904839789,38.4301732926,24.1666666667,9.1557460563,6.6714829896,3.5394749779
604,PUNTARENAS,MONTES DE ORO,86.50,87.03,83.27,98.70,83.05,61.07,73.69,58.56,78.84,80.24,82.39,44.87,88.88,69.09,71.58,76.52,11.3636363636,0,0,0,79.8,93.4,3.9,0.4492362983,99.6,15.459534668,0,0,3.6,92.4261083744,72.6368159204,21,1.078542971,70.4952317216,40.7060398193,37.5690145558,92.39,81.255,7.04,7.04,7.0437416356,197.92,27.9,3,3816,1,48.24,30.6988352745,76.9406973785,131.2741312741,4.1,21.4238628873,80,8.494,8.1956797967,5.3206997085,12.1951219512,29.2418772563,30,18.1885988279,8.3758038585,3.3377948804
605,PUNTARENAS,OSA,78.34,93.28,66.43,69.88,76.36,50.66,70.18,49.18,66.77,77.69,75.68,37.04,76.98,61.60,64.30,67.62,5.9760956175,2.718,114.9746744974,0,88.6,97.4,6.3,0.4901531729,95.52,61.0521317369,3.1,24.83,4.7,89.7606067789,70.9908735332,28.9,1.0067777464,65.717582254,30.9103766562,28.4948637785,74.88,74.816,9.31,3.1,9.3104090373,139.33,33.5,3,9963,3,58.76,44.1861622698,64.0274034142,108.7215030748,5.1,24.6908491344,74.3,7.814,20.2341137124,11.6788321168,18.1065088757,17.2089041096,23.2142857143,11.8235877106,7.3468257757,3.5209170761
606,PUNTARENAS,QUEPOS,87.36,84.76,67.28,47.28,84.23,60.35,77.93,55.53,56.42,84.34,77.12,40.49,71.67,69.51,64.59,68.59,9.3109869646,1.117,0,0,77.1,91.5,8.2,0.7810872735,99.23,242.1817416026,13.57,16.96,3.5,92.4276169265,72.5970599322,28.6,1.0315177479,72.0345575892,37.9928755681,35.8023174876,92.3566666667,76.462,3.39,6.78,3.3914400054,143.46,36.2,3,8961,2,0,44.4660194175,57.4128984433,89.3488701091,6.2,24.0227537923,73.3,59.938,14.8323098725,9.9794661191,14.6302250804,20.5611068409,37.3333333333,12.3777979593,7.7752878929,7.4274249683
607,PUNTARENAS,GOLFITO,89.06,87.36,64.64,62.10,82.42,51.44,67.83,54.17,65.77,76.25,73.86,40.26,75.79,63.97,64.04,67.93,2.9542097489,1.277,0,0,87.2,87.5,7.2,0.3922993098,95.14,46.3245154212,16.35,16.35,4,90.2883659264,74.782175753,27,1.0072157253,63.8375452276,32.2048635458,29.983451603,77.07,76.246,21.02,9.34,0,163.69,38.7,3,1913,3,45.73,46.3726571114,69.0825846579,71.5197956577,6.6,24.3136848648,66.7,7.407,20.0553250346,10.5650616793,27.6675603217,21.0672210672,22.2222222222,11.483905133,7.6146934081,9.9570863602
608,PUNTARENAS,COTO BRUS,93.29,91.12,81.22,65.95,76.65,48.62,79.88,62.73,72.61,76.66,68.13,37.21,82.89,66.97,63.65,71.17,12.87001287,2.08,11.7946782412,0,84.9,96.6,5.1,0.1935099732,98.54,6.918659625,11.94,21.49,5.3,90.3461120596,75.9196515005,22.8,1.0267991569,62.7884284238,31.3569050626,27.47675353,70.4133333333,80.899,4.78,7.16,0,163.09,35,3,543,1,35.65,43.0982759244,72.1378931968,252.2560008322,5.5,22.1255633581,66.7,0.52,13.3956386293,10.5182926829,43.523163175,43.1226765799,30.7692307692,11.8706899988,7.1210060686,6.2478475491
609,PUNTARENAS,PARRITA,88.53,84.49,73.96,43.37,80.34,55.71,74.40,49.79,66.44,76.52,78.09,38.32,72.59,65.06,64.84,67.50,0,0.621,56.7826926353,0,77.2,90.9,6.3,0.6999681833,99.6,142.3065520308,11.32,33.95,5.4,90.2164111812,73.6040609137,31,1.0362694301,72.197675209,33.3831826524,30.1746992047,84.03,77.349,16.98,5.66,0,119.96,28.9,2,3216,2,49.99,40.5385466617,62.3629215808,99.2863791499,6.1,25.1547412726,66.7,10.549,16.1559888579,10.5851413544,10.752688172,25.8064516129,22.2222222222,9.5526644092,7.1178086897,13.0922438991
610,PUNTARENAS,CORREDORES,87.85,95.23,77.43,48.45,81.23,53.16,71.51,55.19,67.84,78.46,74.02,39.61,77.24,65.27,64.98,69.17,7.9260237781,0.956,0,0,92.2,97.9,7.2,0.2610966057,99.41,89.1833354567,15.32,37.2,4,91.6288909036,74.793485957,27.7,1.0425692221,64.4716369103,33.4898072207,30.75766766,81.0733333333,76.367,6.56,10.94,4.3766549226,187.32,39.4,2,617,2,46.36,46.1442066705,71.8794835007,90.8417202553,5.5,22.9234920023,77,6.694,16.9100079639,12.5123934166,26.8102658112,20.4971475143,22.8571428571,12.9247311828,7.7862142524,4.0270049316
611,PUNTARENAS,GARABITO,88.95,85.93,51.03,26.82,80.20,61.55,77.68,51.78,54.72,87.73,76.86,41.90,63.18,67.80,65.30,65.43,2.4154589372,1.741,0,0,83.7,87.9,12.9,1.2723658052,100,406.2623860484,15.85,58.13,3.3,89.9071925754,73.4874235214,31.6,1.1296625222,78.9627417889,45.3784239907,43.2364014021,76.6966666667,78.357,5.28,10.57,5.284295075,104.63,32.9,4,43317,1,41.86,45.9111201299,45.68040655,92.866678275,5.7,24.2579075426,100,59.203,13.6972193615,12.8749085589,12.6811594203,30.1717880474,18.7969924812,13.3287647764,7.7932942708,9.4443723225
701,LIMON,LIMON,92.67,85.53,69.91,35.84,85.72,59.09,70.07,55.42,62.29,76.08,71.94,44.90,70.99,67.57,63.80,67.45,8.3179297597,1.906,0,4.9,75,94.8,8.3,0.3061190164,97.76,310.442926262,37.85,24.26,3,88.5479522403,74.7362978283,26.5,1.0769230769,66.4302433631,41.0094451698,37.9606431655,88.1166666667,76.683,18.44,2.91,2.9112646534,196.61,30.4,4,1137,3,0,44.1772755961,70.7642691067,60.3717629614,7.5,24.9046529367,66.7,10.486,13.7426181102,12.2088280613,42.2123080961,18.2240743709,27.0833333333,16.4549972391,8.504429177,4.9260736088
702,LIMON,POCOCI,93.71,88.38,74.22,52.28,85.63,56.82,81.06,53.67,64.31,77.77,77.06,37.59,77.15,69.30,64.18,70.21,11.445527766,0,0,0,82,94,6.3,0.4573692707,98.38,155.4712149618,15.25,20.33,3.5,91.1901321222,70.0178598006,28.3,1.0523105626,65.6128902457,36.435763084,31.9229524401,90.0333333333,79.675,7.99,7.26,0.7259844349,135.62,48.5,2,2362,3,0,37.268429641,66.9159445886,84.946253632,5.2,25.3780630825,82,3.425,13.1573685263,12.7467569092,13.4689389775,25.7256503978,24.0837696335,11.8162938349,7.4287623035,4.1760337302
703,LIMON,SIQUIRRES,95.13,62.76,78.61,51.89,84.43,54.08,77.83,57.99,66.73,79.10,77.31,36.14,72.10,68.58,64.82,68.50,4.7483380817,1.233,17.6132451604,0,55.1,69.5,5.9,0.3924775143,99.36,205.3796210415,11.28,20.94,3.5,90.8937605396,68.8718546909,25.2,1.0714041681,66.1197192682,31.5084472267,28.3084161207,87.0433333333,79.642,14.5,6.44,0,146.75,47,2,2009,2,45.17,42.4590120089,65.8274713069,100.3768534498,5.3,26.297648013,97.3,1.937,13.2901496538,14.0558292282,17.7437020811,20.3532823622,15.2777777778,9.4807050977,7.2871864475,5.6049147501
704,LIMON,TALAMANCA,84.48,80.81,26.83,58.51,68.19,42.61,69.07,76.33,62.01,73.19,63.04,34.89,62.66,64.05,58.28,61.66,14.0237324703,1.628,8.7265111408,25.5,73.1,87.6,14.1,0.4929081581,87.45,44.6005463567,14.94,32.86,6.9,87.7504393673,68.190743338,33.6,0.9790343075,48.7695832102,28.6912503695,24.6268105232,66,75.631,14.94,26.89,0,106.66,47.7,5,3437,1,0,47.0862736171,70.7213401675,100.9377442042,11.2,27.0960047704,66.7,6.187,29.541864139,17.7945723119,30.7061534291,28.5255122539,30,10.3151862464,6.9049429658,4.8366834171
705,LIMON,MATINA,85.09,90.31,64.38,49.40,80.10,49.11,83.94,61.68,65.32,72.96,72.35,32.85,72.30,68.71,60.87,67.29,13.3819951338,1.591,0,22.4,83.5,96.3,10.5,0.2638747021,97.45,191.9898901526,36.39,14.56,4,88.0203515264,66.8222003929,28,1.0019564686,60.9627090597,25.2703740914,21.5028662609,85.1166666667,77.901,2.43,2.43,0,138.05,34,3,2345,1,33.1,40.9941019307,64.0730067243,103.3906842342,8.1,28.6307053942,66.7,0.265,18.4287505224,14.4059153493,28.9224952741,23.2303855745,15.1515151515,7.1532482647,6.8928975894,4.73376278
706,LIMON,GUACIMO,93.56,94.18,81.46,60.33,75.90,55.04,77.26,65.31,68.74,75.73,77.44,34.07,82.38,68.38,63.99,71.58,11.3924050633,1.939,0,0,92.9,95.3,5.7,0.2044094028,99.26,83.9106674125,33.3,8.88,3.5,90.3038631852,68.3385579937,30.5,1.0887461337,64.5630677707,31.1761395611,27.2261971756,93.46,82.025,13.32,17.76,0,126.1,41.8,3,1559,1,44.63,40.2108318692,68.3648385183,92.0854941114,6.2,26.0060779077,74.3,0.242,11.7791411043,13.7254901961,17.9924242424,19.1987673344,21.4285714286,8.7145168407,7.0043844626,4.2581129244
